-- MySQL dump 10.13  Distrib 5.6.26, for Win64 (x86_64)
--
-- Host: 173.194.234.205    Database: spinnerDB
-- ------------------------------------------------------
-- Server version	5.6.26

/*!40101 SET @OLD_CHARACTER_SET_CLIENT=@@CHARACTER_SET_CLIENT */;
/*!40101 SET @OLD_CHARACTER_SET_RESULTS=@@CHARACTER_SET_RESULTS */;
/*!40101 SET @OLD_COLLATION_CONNECTION=@@COLLATION_CONNECTION */;
/*!40101 SET NAMES utf8 */;
/*!40103 SET @OLD_TIME_ZONE=@@TIME_ZONE */;
/*!40103 SET TIME_ZONE='+00:00' */;
/*!40014 SET @OLD_UNIQUE_CHECKS=@@UNIQUE_CHECKS, UNIQUE_CHECKS=0 */;
/*!40014 SET @OLD_FOREIGN_KEY_CHECKS=@@FOREIGN_KEY_CHECKS, FOREIGN_KEY_CHECKS=0 */;
/*!40101 SET @OLD_SQL_MODE=@@SQL_MODE, SQL_MODE='NO_AUTO_VALUE_ON_ZERO' */;
/*!40111 SET @OLD_SQL_NOTES=@@SQL_NOTES, SQL_NOTES=0 */;

--
-- Table structure for table `class`
--

DROP TABLE IF EXISTS `class`;
/*!40101 SET @saved_cs_client     = @@character_set_client */;
/*!40101 SET character_set_client = utf8 */;
CREATE TABLE `class` (
  `classId` int(11) NOT NULL AUTO_INCREMENT,
  `className` varchar(20) NOT NULL,
  `hyperLink` varchar(255) DEFAULT NULL,
  PRIMARY KEY (`classId`)
) ENGINE=InnoDB AUTO_INCREMENT=8 DEFAULT CHARSET=utf8;
/*!40101 SET character_set_client = @saved_cs_client */;

--
-- Dumping data for table `class`
--

LOCK TABLES `class` WRITE;
/*!40000 ALTER TABLE `class` DISABLE KEYS */;
INSERT INTO `class` VALUES (1,'KY SPINNERS',NULL),(2,'TRX In & Out','http://maayangilat.wix.com/trxoutdoor#!-/cbwn'),(3,'Test Class',NULL);
/*!40000 ALTER TABLE `class` ENABLE KEYS */;
UNLOCK TABLES;

--
-- Table structure for table `events`
--

DROP TABLE IF EXISTS `events`;
/*!40101 SET @saved_cs_client     = @@character_set_client */;
/*!40101 SET character_set_client = utf8 */;
CREATE TABLE `events` (
  `eventId` int(11) NOT NULL AUTO_INCREMENT,
  `classId` int(11) NOT NULL,
  `eventName` varchar(20) NOT NULL,
  `fromDate` datetime NOT NULL,
  `toDate` datetime DEFAULT NULL,
  `openDate` datetime DEFAULT CURRENT_TIMESTAMP,
  `lockTime` int(11) DEFAULT '0',
  `maxCapacity` int(11) DEFAULT NULL,
  `instructorId` int(11) DEFAULT NULL,
  `address` varchar(255) DEFAULT NULL,
  `comments` varchar(255) DEFAULT NULL,
  `created` datetime DEFAULT CURRENT_TIMESTAMP,
  `lastUpdated` datetime DEFAULT CURRENT_TIMESTAMP ON UPDATE CURRENT_TIMESTAMP,
  `status` varchar(255) DEFAULT 'EVENT_OPEN',
  PRIMARY KEY (`eventId`,`classId`,`eventName`,`fromDate`),
  KEY `classId` (`classId`),
  KEY `instructorId` (`instructorId`),
  CONSTRAINT `events_ibfk_1` FOREIGN KEY (`classId`) REFERENCES `class` (`classId`),
  CONSTRAINT `events_ibfk_2` FOREIGN KEY (`instructorId`) REFERENCES `person` (`personId`)
) ENGINE=InnoDB AUTO_INCREMENT=224 DEFAULT CHARSET=utf8;
/*!40101 SET character_set_client = @saved_cs_client */;

--
-- Dumping data for table `events`
--

LOCK TABLES `events` WRITE;
/*!40000 ALTER TABLE `events` DISABLE KEYS */;
INSERT INTO `events` VALUES (1,3,'Spinning-Mrn','2015-10-10 07:30:00','2015-10-10 08:30:00','2016-01-16 17:57:29',0,2,1004,NULL,'','2015-12-20 20:29:04','2016-01-02 21:10:51','EVENT_LOCKED'),(2,3,'Spinning-Noon','2015-10-10 13:00:00','2015-10-10 14:00:00','2016-01-16 17:57:29',0,2,1004,NULL,'This Field is saved for Event comment','2015-12-20 20:29:04','2016-01-02 21:10:51','EVENT_LOCKED'),(3,3,'Spinning-Eve','2015-10-10 19:00:00','2015-10-10 21:00:00','2016-01-16 17:57:29',0,2,1004,NULL,'This Field is saved for Event comment','2015-12-20 20:29:04','2016-01-02 21:10:51','EVENT_LOCKED'),(4,3,'Spinning-Mrn','2015-12-10 07:30:00','2015-12-10 08:30:00','2016-01-16 17:57:29',0,2,1004,NULL,'','2015-12-20 20:29:04','2016-01-02 21:10:51','EVENT_LOCKED'),(5,3,'Spinning-Noon','2015-12-10 13:00:00','2015-12-10 14:00:00','2016-01-16 17:57:29',0,2,1004,'KY Matnas','This Field is saved for Event comment','2015-12-20 20:29:04','2016-01-02 21:10:51','EVENT_LOCKED'),(6,3,'Spinning-Eve','2015-12-10 19:00:00','2015-12-10 21:00:00','2016-01-16 17:57:29',0,2,1004,NULL,'This Field is saved for Event comment','2015-12-20 20:29:05','2016-01-02 21:10:51','EVENT_LOCKED'),(7,3,'Spinning-Mrn','2015-12-11 07:30:00','2015-12-11 08:30:00','2016-01-16 17:57:29',0,2,1004,NULL,'This Field is saved for Event comment','2015-12-20 20:29:05','2016-01-02 21:10:51','EVENT_LOCKED'),(8,3,'Spinning-Noon','2015-12-11 13:00:00','2015-12-11 14:00:00','2016-01-16 17:57:29',0,2,1004,NULL,'This Field is saved for Event comment','2015-12-20 20:29:05','2016-01-02 21:10:51','EVENT_LOCKED'),(9,3,'Spinning-Eve','2015-12-11 19:00:00','2015-12-11 21:00:00','2016-01-16 17:57:29',0,2,1004,NULL,'This Field is saved for Event comment','2015-12-20 20:29:05','2016-01-02 21:10:51','EVENT_LOCKED'),(10,3,'Spinning-Mrn1','2015-12-10 07:30:00','2015-12-10 08:30:00','2016-01-16 17:57:29',0,2,1004,NULL,'','2015-12-20 20:29:06','2016-01-02 21:10:51','EVENT_LOCKED'),(11,1,'Sunday - AM','2016-01-03 06:00:00','2016-01-03 07:00:00','2016-01-16 17:57:29',0,19,1076,'מתנס כוכב יאיר','שיעור ספינינג מתנס כוכב יאיר','2015-12-20 20:37:37','2016-01-03 06:00:15','EVENT_LOCKED'),(12,1,'Sunday - PM','2016-01-03 17:15:00','2016-01-03 18:15:00','2016-01-16 17:57:29',0,19,1076,'מתנס כוכב יאיר','שיעור ספינינג מתנס כוכב יאיר','2015-12-20 20:37:38','2016-01-03 18:11:07','EVENT_LOCKED'),(13,1,'Monday - PM','2016-01-04 18:00:00','2016-01-04 19:00:00','2016-01-16 17:57:29',0,19,1078,'מתנס כוכב יאיר','שיעור ספינינג מתנס כוכב יאיר','2015-12-20 20:37:38','2016-01-04 18:29:01','EVENT_LOCKED'),(14,1,'Tuesday - PM','2016-01-05 17:15:00','2016-01-05 18:15:00','2016-01-16 17:57:29',0,19,1076,'מתנס כוכב יאיר','שיעור ספינינג מתנס כוכב יאיר','2015-12-20 20:37:38','2016-01-05 17:45:00','EVENT_LOCKED'),(15,1,'Wednesday - AM','2016-01-06 06:00:00','2016-01-06 07:00:00','2016-01-16 17:57:29',0,19,1077,'מתנס כוכב יאיר','שיעור ספינינג מתנס כוכב יאיר','2015-12-20 20:37:38','2016-01-06 06:19:05','EVENT_LOCKED'),(16,1,'Wednesday -PM','2016-01-06 18:00:00','2016-01-06 19:00:00','2016-01-16 17:57:29',0,19,1077,'מתנס כוכב יאיר','שיעור ספינינג מתנס כוכב יאיר','2015-12-20 20:37:38','2016-01-06 18:04:57','EVENT_LOCKED'),(17,1,'Friday - AM1','2016-01-08 05:30:00','2016-01-08 06:30:00','2016-01-16 17:57:29',0,19,1079,'מתנס כוכב יאיר','שיעור ספינינג מתנס כוכב יאיר','2015-12-20 20:37:38','2016-01-08 05:43:19','EVENT_LOCKED'),(18,1,'Friday - AM2','2016-01-08 06:30:00','2016-01-08 07:30:00','2016-01-16 17:57:29',0,19,1079,'מתנס כוכב יאיר','שיעור ספינינג מתנס כוכב יאיר','2015-12-20 20:37:38','2016-01-08 07:33:15','EVENT_LOCKED'),(33,1,'Sunday - AM','2016-01-10 06:00:00','2016-01-10 07:00:00','2016-01-16 17:57:29',0,19,1076,'מתנס כוכב יאיר','שיעור ספינינג מתנס כוכב יאיר','2016-01-07 14:25:26','2016-01-10 06:00:45','EVENT_LOCKED'),(34,1,'Sunday - PM','2016-01-10 17:15:00','2016-01-10 18:15:00','2016-01-16 17:57:29',0,19,1076,'מתנס כוכב יאיר','שיעור ספינינג מתנס כוכב יאיר','2016-01-07 14:25:26','2016-01-10 17:15:55','EVENT_LOCKED'),(35,1,'Monday - PM','2016-01-11 18:00:00','2016-01-11 19:00:00','2016-01-16 17:57:29',0,19,1078,'מתנס כוכב יאיר','שיעור ספינינג מתנס כוכב יאיר','2016-01-07 14:25:26','2016-01-11 18:09:29','EVENT_LOCKED'),(36,1,'Tuesday - PM','2016-01-12 17:15:00','2016-01-12 18:15:00','2016-01-16 17:57:29',0,19,1076,'מתנס כוכב יאיר','שיעור ספינינג מתנס כוכב יאיר','2016-01-07 14:25:27','2016-01-12 17:21:35','EVENT_LOCKED'),(37,1,'Wednesday - AM','2016-01-13 06:00:00','2016-01-13 07:00:00','2016-01-16 17:57:29',0,19,1077,'מתנס כוכב יאיר','שיעור ספינינג מתנס כוכב יאיר','2016-01-07 14:25:27','2016-01-13 06:53:59','EVENT_LOCKED'),(38,1,'Wednesday -PM','2016-01-13 18:00:00','2016-01-13 19:00:00','2016-01-16 17:57:29',0,19,1077,'מתנס כוכב יאיר','שיעור ספינינג מתנס כוכב יאיר','2016-01-07 14:25:27','2016-01-13 19:59:01','EVENT_LOCKED'),(39,1,'Friday - AM1','2016-01-15 05:30:00','2016-01-15 06:30:00','2016-01-16 17:57:29',0,19,1079,'מתנס כוכב יאיר','שיעור ספינינג מתנס כוכב יאיר','2016-01-07 14:25:28','2016-01-15 06:17:52','EVENT_LOCKED'),(40,1,'Friday - AM2','2016-01-15 06:30:00','2016-01-15 07:30:00','2016-01-16 17:57:29',0,19,1079,'מתנס כוכב יאיר','שיעור ספינינג מתנס כוכב יאיר','2016-01-07 14:25:28','2016-01-15 06:31:05','EVENT_LOCKED'),(41,1,'Sunday - AM','2016-01-17 06:00:00','2016-01-17 07:00:00','2016-01-16 17:57:29',0,19,1076,'מתנס כוכב יאיר','שיעור ספינינג מתנס כוכב יאיר','2016-01-14 15:07:38','2016-01-17 06:31:45','EVENT_LOCKED'),(42,1,'Sunday - PM','2016-01-17 17:15:00','2016-01-17 18:15:00','2016-01-16 17:57:29',0,19,1076,'מתנס כוכב יאיר','שיעור ספינינג מתנס כוכב יאיר','2016-01-14 15:07:38','2016-01-17 18:07:42','EVENT_LOCKED'),(43,1,'Monday - PM','2016-01-18 18:00:00','2016-01-18 19:00:00','2016-01-16 17:57:29',0,19,1078,'מתנס כוכב יאיר','שיעור ספינינג מתנס כוכב יאיר','2016-01-14 15:07:38','2016-01-18 18:15:52','EVENT_LOCKED'),(44,1,'Tuesday - PM','2016-01-19 17:15:00','2016-01-19 18:15:00','2016-01-16 17:57:29',0,19,1076,'מתנס כוכב יאיר','שיעור ספינינג מתנס כוכב יאיר','2016-01-14 15:07:38','2016-01-19 19:35:31','EVENT_LOCKED'),(45,1,'Wednesday - AM','2016-01-20 06:00:00','2016-01-20 07:00:00','2016-01-16 17:57:29',0,19,1077,'מתנס כוכב יאיר','שיעור ספינינג מתנס כוכב יאיר','2016-01-14 15:07:39','2016-01-20 06:28:24','EVENT_LOCKED'),(46,1,'Wednesday -PM','2016-01-20 18:00:00','2016-01-20 19:00:00','2016-01-16 17:57:29',0,19,1077,'מתנס כוכב יאיר','שיעור ספינינג מתנס כוכב יאיר','2016-01-14 15:07:39','2016-01-20 18:53:17','EVENT_LOCKED'),(47,1,'Friday - AM1','2016-01-22 05:30:00','2016-01-22 06:30:00','2016-01-16 17:57:29',0,19,1079,'מתנס כוכב יאיר','שיעור ספינינג מתנס כוכב יאיר','2016-01-14 15:07:39','2016-01-22 05:30:44','EVENT_LOCKED'),(48,1,'Friday - AM2','2016-01-22 06:30:00','2016-01-22 07:30:00','2016-01-16 17:57:29',0,19,1079,'מתנס כוכב יאיר','שיעור ספינינג מתנס כוכב יאיר','2016-01-14 15:07:39','2016-01-22 06:30:25','EVENT_LOCKED'),(49,1,'Sunday - AM','2016-01-24 06:00:00','2016-01-24 07:00:00','2016-01-21 15:00:00',0,19,1076,'מתנס כוכב יאיר','שיעור ספינינג מתנס כוכב יאיר','2016-01-20 19:03:30','2016-01-24 06:00:40','EVENT_LOCKED'),(50,1,'Sunday - PM','2016-01-24 17:15:00','2016-01-24 18:15:00','2016-01-21 15:00:00',0,19,1076,'מתנס כוכב יאיר','שיעור ספינינג מתנס כוכב יאיר','2016-01-20 19:03:31','2016-01-24 18:06:48','EVENT_LOCKED'),(51,1,'Monday - PM','2016-01-25 18:00:00','2016-01-25 19:00:00','2016-01-21 15:00:00',0,19,1078,'מתנס כוכב יאיר','שיעור ספינינג מתנס כוכב יאיר','2016-01-20 19:03:31','2016-01-25 18:01:02','EVENT_LOCKED'),(52,1,'Tuesday - PM','2016-01-26 17:15:00','2016-01-26 18:15:00','2016-01-21 15:00:00',0,19,1076,'מתנס כוכב יאיר','שיעור ספינינג מתנס כוכב יאיר','2016-01-20 19:03:31','2016-01-26 17:18:23','EVENT_LOCKED'),(53,1,'Wednesday - AM','2016-01-27 06:00:00','2016-01-27 07:00:00','2016-01-21 15:00:00',0,19,1077,'מתנס כוכב יאיר','שיעור ספינינג מתנס כוכב יאיר','2016-01-20 19:03:31','2016-01-27 06:12:03','EVENT_LOCKED'),(54,1,'Wednesday -PM','2016-01-27 18:00:00','2016-01-27 19:00:00','2016-01-21 15:00:00',0,19,1077,'מתנס כוכב יאיר','שיעור ספינינג מתנס כוכב יאיר','2016-01-20 19:03:31','2016-01-27 18:06:31','EVENT_LOCKED'),(55,1,'Friday - AM1','2016-01-29 05:30:00','2016-01-29 06:30:00','2016-01-21 15:00:00',0,19,1079,'מתנס כוכב יאיר','שיעור ספינינג מתנס כוכב יאיר','2016-01-20 19:03:31','2016-01-29 05:39:09','EVENT_LOCKED'),(56,1,'Friday - AM2','2016-01-29 06:30:00','2016-01-29 07:30:00','2016-01-21 15:00:00',0,19,1079,'מתנס כוכב יאיר','שיעור ספינינג מתנס כוכב יאיר','2016-01-20 19:03:31','2016-01-29 06:32:15','EVENT_LOCKED'),(116,2,'TEEN TRX - PM','2016-01-31 17:00:00','2016-01-31 17:50:00','2016-01-25 22:00:00',0,12,1201,'סטודיו כוכב יאיר','שיעור נערות לגילאי 14-18','2016-01-26 19:05:39','2016-01-31 17:02:55','EVENT_LOCKED'),(117,2,'PURE TRX - PM','2016-01-31 18:00:00','2016-01-31 18:50:00','2016-01-25 22:00:00',0,12,1077,'סטודיו כוכב יאיר','','2016-01-26 19:05:39','2016-01-31 18:08:51','EVENT_LOCKED'),(118,2,'PURE TRX - PM','2016-01-31 19:00:00','2016-01-31 19:50:00','2016-01-25 22:00:00',0,12,1333,'סטודיו כוכב יאיר','אימון לנשים בלבד','2016-01-26 19:05:39','2016-01-31 19:04:04','EVENT_LOCKED'),(119,2,'FIT-TRX - AM','2016-02-01 06:30:00','2016-02-01 07:20:00','2016-01-25 22:00:00',0,12,1077,'סטודיו כוכב יאיר','שיעור עיצוב וחיטוב','2016-01-26 19:05:39','2016-02-01 06:30:03','EVENT_LOCKED'),(120,2,'TRX FLOW Pilates PM','2016-02-02 17:00:00','2016-02-02 17:50:00','2016-01-25 22:00:00',0,12,1335,'','','2016-01-26 19:05:39','2016-02-02 17:12:08','EVENT_LOCKED'),(121,2,'TRX HIIT - PM','2016-02-02 18:00:00','2016-02-02 18:50:00','2016-01-25 22:00:00',0,12,1335,'סטודיו כוכב יאיר','אימון בעצימות גבוהה לשריפת שומן מוגברת','2016-01-26 19:05:39','2016-02-02 18:25:48','EVENT_LOCKED'),(122,2,'TRX FLOW - AM','2016-02-03 06:30:00','2016-02-03 07:20:00','2016-01-25 22:00:00',0,12,1201,'סטודיו כוכב יאיר','שיעור המשלב אלמנטים מעולם היוגה והפילאטיס. עבודה על חיזוק, בניית עצם והארכת שרירים','2016-01-26 19:05:39','2016-01-31 12:38:11','EVENT_OPEN'),(124,2,'TEEN TRX - PM','2016-02-03 17:00:00','2016-02-03 17:50:00','2016-01-25 22:00:00',0,12,1201,'סטודיו כוכב יאיר','שיעור נערות לגילאי 14-18','2016-01-26 19:05:40','2016-01-31 12:38:11','EVENT_OPEN'),(125,2,'TRX HIIT - PM','2016-02-03 18:00:00','2016-02-03 18:50:00','2016-01-25 22:00:00',0,12,1201,'סטודיו כוכב יאיר','אימון בעצימות גבוהה לשריפת שומן מוגברת','2016-01-26 19:05:40','2016-01-31 12:38:11','EVENT_OPEN'),(126,2,'TRX HIIT - PM','2016-02-03 19:00:00','2016-02-03 19:50:00','2016-01-25 22:00:00',0,12,1201,'סטודיו כוכב יאיר','אימון בעצימות גבוהה לשריפת שומן מוגברת','2016-01-26 19:05:40','2016-01-31 12:38:11','EVENT_OPEN'),(127,2,'TRX OUT DOOR - PM','2016-02-04 18:30:00','2016-02-04 19:20:00','2016-01-25 22:00:00',0,10,1201,'גן שעשועים כוכב יאיר','','2016-01-26 19:05:40','2016-01-31 12:38:11','EVENT_OPEN'),(128,2,'PURE TRX - AM','2016-02-05 06:00:00','2016-02-05 06:50:00','2016-01-25 22:00:00',0,12,1077,'סטודיו כוכב יאיר','','2016-01-26 19:05:40','2016-01-31 12:38:11','EVENT_OPEN'),(129,2,'TRX HIIT - AM','2016-02-05 07:00:00','2016-02-05 07:50:00','2016-01-25 22:00:00',0,12,1077,'סטודיו כוכב יאיר','אימון בעצימות גבוהה לשריפת שומן מוגברת','2016-01-26 19:05:40','2016-01-31 12:38:11','EVENT_OPEN'),(137,1,'Sunday - AM','2016-01-31 06:00:00','2016-01-31 07:00:00','2016-01-28 15:00:00',0,19,1076,'מתנס כוכב יאיר','שיעור ספינינג מתנס כוכב יאיר','2016-01-26 21:26:04','2016-01-31 06:18:06','EVENT_LOCKED'),(138,1,'Sunday - PM','2016-01-31 17:15:00','2016-01-31 18:15:00','2016-01-28 15:00:00',0,19,1076,'מתנס כוכב יאיר','שיעור ספינינג מתנס כוכב יאיר','2016-01-26 21:26:04','2016-01-31 17:21:41','EVENT_LOCKED'),(139,1,'Monday - PM1','2016-02-01 17:15:00','2016-02-01 18:15:00','2016-01-28 15:00:00',0,19,1078,'מתנס כוכב יאיר','שיעור ספינינג מתנס כוכב יאיר','2016-01-26 21:26:04','2016-02-01 17:21:13','EVENT_LOCKED'),(140,1,'Monday - PM2','2016-02-01 18:15:00','2016-02-01 19:15:00','2016-01-28 15:00:00',0,19,1078,'מתנס כוכב יאיר','שיעור ספינינג מתנס כוכב יאיר','2016-01-26 21:26:04','2016-02-01 18:15:10','EVENT_LOCKED'),(141,1,'Tuesday - PM','2016-02-02 17:15:00','2016-02-02 18:15:00','2016-01-28 15:00:00',0,19,1076,'מתנס כוכב יאיר','שיעור ספינינג מתנס כוכב יאיר','2016-01-26 21:26:05','2016-02-02 17:15:28','EVENT_LOCKED'),(142,1,'Wednesday - AM','2016-02-03 06:00:00','2016-02-03 07:00:00','2016-01-28 15:00:00',0,19,1077,'מתנס כוכב יאיר','שיעור ספינינג מתנס כוכב יאיר','2016-01-26 21:26:05','2016-01-28 15:00:09','EVENT_OPEN'),(143,1,'Wednesday -PM','2016-02-03 18:00:00','2016-02-03 19:00:00','2016-01-28 15:00:00',0,19,1077,'מתנס כוכב יאיר','שיעור ספינינג מתנס כוכב יאיר','2016-01-26 21:26:05','2016-01-28 15:00:09','EVENT_OPEN'),(144,1,'Friday - AM1','2016-02-05 05:30:00','2016-02-05 06:30:00','2016-01-28 15:00:00',0,19,1079,'מתנס כוכב יאיר','שיעור ספינינג מתנס כוכב יאיר','2016-01-26 21:26:05','2016-01-28 15:00:10','EVENT_OPEN'),(145,1,'Friday - AM2','2016-02-05 06:30:00','2016-02-05 07:30:00','2016-01-28 15:00:00',0,19,1079,'מתנס כוכב יאיר','שיעור ספינינג מתנס כוכב יאיר','2016-01-26 21:26:05','2016-01-28 15:00:10','EVENT_OPEN'),(146,2,'TEEN TRX - PM','2016-02-07 16:00:00','2016-02-07 16:50:00','2016-01-20 22:00:00',0,12,1201,'סטודיו כוכב יאיר','שיעור נערות לגילאי 14-18','2016-01-28 15:43:13','2016-01-31 19:42:28','EVENT_OPEN'),(147,2,'PURE TRX - PM','2016-02-07 18:00:00','2016-02-07 18:50:00','2016-01-20 22:00:00',0,12,1077,'סטודיו כוכב יאיר','','2016-01-28 15:43:13','2016-01-31 12:38:11','EVENT_OPEN'),(148,2,'PURE TRX - PM','2016-02-07 19:00:00','2016-02-07 19:50:00','2016-01-20 22:00:00',0,12,1333,'סטודיו כוכב יאיר','אימון לנשים בלבד','2016-01-28 15:43:13','2016-01-31 12:38:11','EVENT_OPEN'),(149,2,'FIT-TRX - AM','2016-02-08 06:30:00','2016-02-08 07:20:00','2016-01-20 22:00:00',0,12,1077,'סטודיו כוכב יאיר','שיעור עיצוב וחיטוב','2016-01-28 15:43:13','2016-01-31 12:38:11','EVENT_OPEN'),(150,2,'TRX FLOW Pilates PM','2016-02-09 17:00:00','2016-02-09 17:50:00','2016-01-20 22:00:00',0,12,1335,'','','2016-01-28 15:43:13','2016-01-31 12:38:11','EVENT_OPEN'),(151,2,'TRX HIIT - PM','2016-02-09 18:00:00','2016-02-09 18:50:00','2016-01-20 22:00:00',0,12,1335,'סטודיו כוכב יאיר','אימון בעצימות גבוהה לשריפת שומן מוגברת','2016-01-28 15:43:13','2016-01-31 12:38:11','EVENT_OPEN'),(152,2,'TRX FLOW - AM','2016-02-10 06:30:00','2016-02-10 07:20:00','2016-01-20 22:00:00',0,12,1201,'סטודיו כוכב יאיר','שיעור המשלב אלמנטים מעולם היוגה והפילאטיס. עבודה על חיזוק, בניית עצם והארכת שרירים','2016-01-28 15:43:13','2016-01-31 12:38:11','EVENT_OPEN'),(154,2,'TEEN TRX - PM','2016-02-10 17:00:00','2016-02-10 17:50:00','2016-01-20 22:00:00',0,12,1201,'סטודיו כוכב יאיר','שיעור נערות לגילאי 14-18','2016-01-28 15:43:14','2016-01-31 12:38:11','EVENT_OPEN'),(155,2,'TRX HIIT - PM','2016-02-10 18:00:00','2016-02-10 18:50:00','2016-01-20 22:00:00',0,12,1201,'סטודיו כוכב יאיר','אימון בעצימות גבוהה לשריפת שומן מוגברת','2016-01-28 15:43:14','2016-01-31 12:38:11','EVENT_OPEN'),(156,2,'TRX HIIT - PM','2016-02-10 19:00:00','2016-02-10 19:50:00','2016-01-20 22:00:00',0,12,1201,'סטודיו כוכב יאיר','אימון בעצימות גבוהה לשריפת שומן מוגברת','2016-01-28 15:43:14','2016-01-31 12:38:11','EVENT_OPEN'),(157,2,'TRX OUT DOOR - PM','2016-02-11 18:30:00','2016-02-11 19:20:00','2016-01-20 22:00:00',0,10,1201,'גן שעשועים כוכב יאיר','','2016-01-28 15:43:14','2016-01-31 12:38:11','EVENT_OPEN'),(158,2,'PURE TRX - AM','2016-02-12 06:00:00','2016-02-12 06:50:00','2016-01-20 22:00:00',0,12,1077,'סטודיו כוכב יאיר','','2016-01-28 15:43:14','2016-01-31 12:38:11','EVENT_OPEN'),(159,2,'TRX HIIT - AM','2016-02-12 07:00:00','2016-02-12 07:50:00','2016-01-20 22:00:00',0,12,1077,'סטודיו כוכב יאיר','אימון בעצימות גבוהה לשריפת שומן מוגברת','2016-01-28 15:43:14','2016-01-31 12:38:11','EVENT_OPEN'),(160,2,'TEEN TRX - PM','2016-02-14 16:00:00','2016-02-14 16:50:00','2016-01-20 22:00:00',0,12,1201,'סטודיו כוכב יאיר','שיעור נערות לגילאי 14-18','2016-01-28 15:44:22','2016-01-31 19:43:28','EVENT_OPEN'),(161,2,'PURE TRX - PM','2016-02-14 18:00:00','2016-02-14 18:50:00','2016-01-20 22:00:00',0,12,1077,'סטודיו כוכב יאיר','','2016-01-28 15:44:22','2016-01-31 12:38:11','EVENT_OPEN'),(162,2,'PURE TRX - PM','2016-02-14 19:00:00','2016-02-14 19:50:00','2016-01-20 22:00:00',0,12,1333,'סטודיו כוכב יאיר','אימון לנשים בלבד','2016-01-28 15:44:23','2016-01-31 12:38:11','EVENT_OPEN'),(163,2,'FIT-TRX - AM','2016-02-15 06:30:00','2016-02-15 07:20:00','2016-01-20 22:00:00',0,12,1077,'סטודיו כוכב יאיר','שיעור עיצוב וחיטוב','2016-01-28 15:44:24','2016-01-31 12:38:11','EVENT_OPEN'),(164,2,'TRX FLOW Pilates PM','2016-02-16 17:00:00','2016-02-16 17:50:00','2016-01-20 22:00:00',0,12,1335,'','','2016-01-28 15:44:24','2016-01-31 12:38:11','EVENT_OPEN'),(165,2,'TRX HIIT - PM','2016-02-16 18:00:00','2016-02-16 18:50:00','2016-01-20 22:00:00',0,12,1335,'סטודיו כוכב יאיר','אימון בעצימות גבוהה לשריפת שומן מוגברת','2016-01-28 15:44:25','2016-01-31 12:38:11','EVENT_OPEN'),(166,2,'TRX FLOW - AM','2016-02-17 06:30:00','2016-02-17 07:20:00','2016-01-20 22:00:00',0,12,1201,'סטודיו כוכב יאיר','שיעור המשלב אלמנטים מעולם היוגה והפילאטיס. עבודה על חיזוק, בניית עצם והארכת שרירים','2016-01-28 15:44:25','2016-01-31 12:38:11','EVENT_OPEN'),(168,2,'TEEN TRX - PM','2016-02-17 17:00:00','2016-02-17 17:50:00','2016-01-20 22:00:00',0,12,1201,'סטודיו כוכב יאיר','שיעור נערות לגילאי 14-18','2016-01-28 15:44:26','2016-01-31 12:38:11','EVENT_OPEN'),(169,2,'TRX HIIT - PM','2016-02-17 18:00:00','2016-02-17 18:50:00','2016-01-20 22:00:00',0,12,1201,'סטודיו כוכב יאיר','אימון בעצימות גבוהה לשריפת שומן מוגברת','2016-01-28 15:44:27','2016-01-31 12:38:11','EVENT_OPEN'),(170,2,'TRX HIIT - PM','2016-02-17 19:00:00','2016-02-17 19:50:00','2016-01-20 22:00:00',0,12,1201,'סטודיו כוכב יאיר','אימון בעצימות גבוהה לשריפת שומן מוגברת','2016-01-28 15:44:28','2016-01-31 12:38:11','EVENT_OPEN'),(171,2,'TRX OUT DOOR - PM','2016-02-18 18:30:00','2016-02-18 19:20:00','2016-01-20 22:00:00',0,10,1201,'גן שעשועים כוכב יאיר','','2016-01-28 15:44:28','2016-01-31 12:38:11','EVENT_OPEN'),(172,2,'PURE TRX - AM','2016-02-19 06:00:00','2016-02-19 06:50:00','2016-01-20 22:00:00',0,12,1077,'סטודיו כוכב יאיר','','2016-01-28 15:44:29','2016-01-31 12:38:11','EVENT_OPEN'),(173,2,'TRX HIIT - AM','2016-02-19 07:00:00','2016-02-19 07:50:00','2016-01-20 22:00:00',0,12,1077,'סטודיו כוכב יאיר','אימון בעצימות גבוהה לשריפת שומן מוגברת','2016-01-28 15:44:29','2016-01-31 12:38:11','EVENT_OPEN'),(174,2,'TEEN TRX - PM','2016-02-28 16:00:00','2016-02-28 16:50:00','2016-01-20 22:00:00',0,12,1201,'סטודיו כוכב יאיר','שיעור נערות לגילאי 14-18','2016-01-28 15:46:11','2016-01-31 19:43:56','EVENT_OPEN'),(175,2,'PURE TRX - PM','2016-02-28 18:00:00','2016-02-28 18:50:00','2016-01-20 22:00:00',0,12,1077,'סטודיו כוכב יאיר','','2016-01-28 15:46:11','2016-01-31 12:38:11','EVENT_OPEN'),(176,2,'PURE TRX - PM','2016-02-28 19:00:00','2016-02-28 19:50:00','2016-01-20 22:00:00',0,12,1333,'סטודיו כוכב יאיר','אימון לנשים בלבד','2016-01-28 15:46:12','2016-01-31 12:38:11','EVENT_OPEN'),(177,2,'FIT-TRX - AM','2016-02-29 06:30:00','2016-02-29 07:20:00','2016-01-20 22:00:00',0,12,1077,'סטודיו כוכב יאיר','שיעור עיצוב וחיטוב','2016-01-28 15:46:12','2016-01-31 12:38:11','EVENT_OPEN'),(178,2,'TRX FLOW Pilates PM','2016-03-01 17:00:00','2016-03-01 17:50:00','2016-01-20 22:00:00',0,12,1335,'','','2016-01-28 15:46:12','2016-01-31 12:38:11','EVENT_OPEN'),(179,2,'TRX HIIT - PM','2016-03-01 18:00:00','2016-03-01 18:50:00','2016-01-20 22:00:00',0,12,1335,'סטודיו כוכב יאיר','אימון בעצימות גבוהה לשריפת שומן מוגברת','2016-01-28 15:46:12','2016-01-31 12:38:11','EVENT_OPEN'),(180,2,'TRX FLOW - AM','2016-03-02 06:30:00','2016-03-02 07:20:00','2016-01-20 22:00:00',0,12,1201,'סטודיו כוכב יאיר','שיעור המשלב אלמנטים מעולם היוגה והפילאטיס. עבודה על חיזוק, בניית עצם והארכת שרירים','2016-01-28 15:46:12','2016-01-31 12:38:11','EVENT_OPEN'),(182,2,'TEEN TRX - PM','2016-03-02 17:00:00','2016-03-02 17:50:00','2016-01-20 22:00:00',0,12,1201,'סטודיו כוכב יאיר','שיעור נערות לגילאי 14-18','2016-01-28 15:46:12','2016-01-31 12:38:11','EVENT_OPEN'),(183,2,'TRX HIIT - PM','2016-03-02 18:00:00','2016-03-02 18:50:00','2016-01-20 22:00:00',0,12,1201,'סטודיו כוכב יאיר','אימון בעצימות גבוהה לשריפת שומן מוגברת','2016-01-28 15:46:12','2016-01-31 12:38:11','EVENT_OPEN'),(184,2,'TRX HIIT - PM','2016-03-02 19:00:00','2016-03-02 19:50:00','2016-01-20 22:00:00',0,12,1201,'סטודיו כוכב יאיר','אימון בעצימות גבוהה לשריפת שומן מוגברת','2016-01-28 15:46:13','2016-01-31 12:38:11','EVENT_OPEN'),(185,2,'TRX OUT DOOR - PM','2016-03-03 18:30:00','2016-03-03 19:20:00','2016-01-20 22:00:00',0,10,1201,'גן שעשועים כוכב יאיר','','2016-01-28 15:46:13','2016-01-31 12:38:11','EVENT_OPEN'),(186,2,'PURE TRX - AM','2016-03-04 06:00:00','2016-03-04 06:50:00','2016-01-20 22:00:00',0,12,1077,'סטודיו כוכב יאיר','','2016-01-28 15:46:13','2016-01-31 12:38:11','EVENT_OPEN'),(187,2,'TRX HIIT - AM','2016-03-04 07:00:00','2016-03-04 07:50:00','2016-01-20 22:00:00',0,12,1077,'סטודיו כוכב יאיר','אימון בעצימות גבוהה לשריפת שומן מוגברת','2016-01-28 15:46:13','2016-01-31 12:38:11','EVENT_OPEN'),(188,2,'TEEN TRX - PM','2016-02-21 16:00:00','2016-02-21 16:50:00','2016-01-20 22:00:00',0,12,1201,'סטודיו כוכב יאיר','שיעור נערות לגילאי 14-18','2016-01-28 15:47:17','2016-01-31 19:44:12','EVENT_OPEN'),(189,2,'PURE TRX - PM','2016-02-21 18:00:00','2016-02-21 18:50:00','2016-01-20 22:00:00',0,12,1077,'סטודיו כוכב יאיר','','2016-01-28 15:47:18','2016-01-31 12:38:11','EVENT_OPEN'),(190,2,'PURE TRX - PM','2016-02-21 19:00:00','2016-02-21 19:50:00','2016-01-20 22:00:00',0,12,1333,'סטודיו כוכב יאיר','אימון לנשים בלבד','2016-01-28 15:47:18','2016-01-31 12:38:11','EVENT_OPEN'),(191,2,'FIT-TRX - AM','2016-02-22 06:30:00','2016-02-22 07:20:00','2016-01-20 22:00:00',0,12,1077,'סטודיו כוכב יאיר','שיעור עיצוב וחיטוב','2016-01-28 15:47:18','2016-01-31 12:38:11','EVENT_OPEN'),(192,2,'TRX FLOW Pilates PM','2016-02-23 17:00:00','2016-02-23 17:50:00','2016-01-20 22:00:00',0,12,1335,'','','2016-01-28 15:47:18','2016-01-31 12:38:11','EVENT_OPEN'),(193,2,'TRX HIIT - PM','2016-02-23 18:00:00','2016-02-23 18:50:00','2016-01-20 22:00:00',0,12,1335,'סטודיו כוכב יאיר','אימון בעצימות גבוהה לשריפת שומן מוגברת','2016-01-28 15:47:18','2016-01-31 12:38:11','EVENT_OPEN'),(194,2,'TRX FLOW - AM','2016-02-24 06:30:00','2016-02-24 07:20:00','2016-01-20 22:00:00',0,12,1201,'סטודיו כוכב יאיר','שיעור המשלב אלמנטים מעולם היוגה והפילאטיס. עבודה על חיזוק, בניית עצם והארכת שרירים','2016-01-28 15:47:18','2016-01-31 12:38:11','EVENT_OPEN'),(196,2,'TEEN TRX - PM','2016-02-24 17:00:00','2016-02-24 17:50:00','2016-01-20 22:00:00',0,12,1201,'סטודיו כוכב יאיר','שיעור נערות לגילאי 14-18','2016-01-28 15:47:18','2016-01-31 12:38:11','EVENT_OPEN'),(197,2,'TRX HIIT - PM','2016-02-24 18:00:00','2016-02-24 18:50:00','2016-01-20 22:00:00',0,12,1201,'סטודיו כוכב יאיר','אימון בעצימות גבוהה לשריפת שומן מוגברת','2016-01-28 15:47:19','2016-01-31 12:38:11','EVENT_OPEN'),(198,2,'TRX HIIT - PM','2016-02-24 19:00:00','2016-02-24 19:50:00','2016-01-20 22:00:00',0,12,1201,'סטודיו כוכב יאיר','אימון בעצימות גבוהה לשריפת שומן מוגברת','2016-01-28 15:47:19','2016-01-31 12:38:11','EVENT_OPEN'),(199,2,'TRX OUT DOOR - PM','2016-02-25 18:30:00','2016-02-25 19:20:00','2016-01-20 22:00:00',0,10,1201,'גן שעשועים כוכב יאיר','','2016-01-28 15:47:19','2016-01-31 12:38:11','EVENT_OPEN'),(200,2,'PURE TRX - AM','2016-02-26 06:00:00','2016-02-26 06:50:00','2016-01-20 22:00:00',0,12,1077,'סטודיו כוכב יאיר','','2016-01-28 15:47:19','2016-01-31 12:38:11','EVENT_OPEN'),(201,2,'TRX HIIT - AM','2016-02-26 07:00:00','2016-02-26 07:50:00','2016-01-20 22:00:00',0,12,1077,'סטודיו כוכב יאיר','אימון בעצימות גבוהה לשריפת שומן מוגברת','2016-01-28 15:47:19','2016-01-31 12:38:11','EVENT_OPEN'),(202,2,'TRX FLOW - PM','2016-02-07 17:00:00','2016-02-07 17:50:00','2016-01-23 22:00:00',0,12,1201,'סטודיו כוכב יאיר','שיעור המשלב אלמנטים מעולם היוגה והפילאטיס. עבודה על חיזוק, בניית עצם והארכת שרירים','2016-01-31 19:51:28','2016-01-31 19:51:28','EVENT_OPEN'),(203,2,'TRX FLOW - PM','2016-02-14 17:00:00','2016-02-14 17:50:00','2016-01-24 22:00:00',0,12,1201,'סטודיו כוכב יאיר','שיעור המשלב אלמנטים מעולם היוגה והפילאטיס. עבודה על חיזוק, בניית עצם והארכת שרירים','2016-01-31 19:51:28','2016-01-31 19:51:28','EVENT_OPEN'),(204,2,'TRX FLOW - PM','2016-02-21 17:00:00','2016-02-21 17:50:00','2016-01-25 22:00:00',0,12,1201,'סטודיו כוכב יאיר','שיעור המשלב אלמנטים מעולם היוגה והפילאטיס. עבודה על חיזוק, בניית עצם והארכת שרירים','2016-01-31 19:51:28','2016-01-31 19:51:28','EVENT_OPEN'),(205,2,'TRX FLOW - PM','2016-02-28 17:00:00','2016-02-28 17:50:00','2016-01-26 22:00:00',0,12,1201,'סטודיו כוכב יאיר','שיעור המשלב אלמנטים מעולם היוגה והפילאטיס. עבודה על חיזוק, בניית עצם והארכת שרירים','2016-01-31 19:51:28','2016-01-31 19:51:28','EVENT_OPEN'),(206,2,'TRX 360 - AM','2016-02-13 08:00:00','2016-02-13 08:50:00','2016-01-23 22:00:00',0,12,-1,'סטודיו כוכב יאיר','אימון תחנות פונקציונאלי - סבב מדריכים','2016-01-31 20:20:45','2016-01-31 20:20:45','EVENT_OPEN'),(207,2,'TRX 360 - AM','2016-02-20 08:00:00','2016-02-20 08:50:00','2016-01-23 22:00:00',0,12,-1,'סטודיו כוכב יאיר','אימון תחנות פונקציונאלי - סבב מדריכים','2016-01-31 20:20:45','2016-01-31 20:20:45','EVENT_OPEN'),(208,2,'TRX 360 - AM','2016-02-27 08:00:00','2016-02-27 08:50:00','2016-01-23 22:00:00',0,12,-1,'סטודיו כוכב יאיר','אימון תחנות פונקציונאלי - סבב מדריכים','2016-01-31 20:20:45','2016-01-31 20:20:45','EVENT_OPEN'),(209,2,'TRX 360 - AM','2016-03-05 08:00:00','2016-03-05 08:50:00','2016-01-23 22:00:00',0,12,-1,'סטודיו כוכב יאיר','אימון תחנות פונקציונאלי - סבב מדריכים','2016-01-31 20:20:45','2016-01-31 20:20:45','EVENT_OPEN'),(210,1,'Sunday - AM','2016-02-07 06:00:00','2016-02-07 07:00:00','2016-02-04 15:00:00',0,19,1076,'מתנס כוכב יאיר','שיעור ספינינג מתנס כוכב יאיר','2016-02-02 19:24:52','2016-02-02 19:24:52','EVENT_LOCKED'),(211,1,'Sunday - PM','2016-02-07 17:15:00','2016-02-07 18:15:00','2016-02-04 15:00:00',0,19,1076,'מתנס כוכב יאיר','שיעור ספינינג מתנס כוכב יאיר','2016-02-02 19:24:52','2016-02-02 19:24:52','EVENT_LOCKED'),(212,1,'Monday - PM1','2016-02-08 17:15:00','2016-02-08 18:15:00','2016-02-04 15:00:00',0,19,1078,'מתנס כוכב יאיר','שיעור ספינינג מתנס כוכב יאיר','2016-02-02 19:24:52','2016-02-02 19:24:52','EVENT_LOCKED'),(213,1,'Monday - PM2','2016-02-08 18:15:00','2016-02-08 19:15:00','2016-02-04 15:00:00',0,19,1078,'מתנס כוכב יאיר','שיעור ספינינג מתנס כוכב יאיר','2016-02-02 19:24:52','2016-02-02 19:24:52','EVENT_LOCKED'),(214,1,'Tuesday - PM','2016-02-09 17:15:00','2016-02-09 18:15:00','2016-02-04 15:00:00',0,19,1076,'מתנס כוכב יאיר','שיעור ספינינג מתנס כוכב יאיר','2016-02-02 19:24:53','2016-02-02 19:24:53','EVENT_LOCKED'),(215,1,'Wednesday - AM','2016-02-10 06:00:00','2016-02-10 07:00:00','2016-02-04 15:00:00',0,19,1077,'מתנס כוכב יאיר','שיעור ספינינג מתנס כוכב יאיר','2016-02-02 19:24:53','2016-02-02 19:24:53','EVENT_LOCKED'),(216,1,'Wednesday -PM','2016-02-10 18:00:00','2016-02-10 19:00:00','2016-02-04 15:00:00',0,19,1077,'מתנס כוכב יאיר','שיעור ספינינג מתנס כוכב יאיר','2016-02-02 19:24:53','2016-02-02 19:24:53','EVENT_LOCKED'),(217,1,'Friday - AM1','2016-02-12 05:30:00','2016-02-12 06:30:00','2016-02-04 15:00:00',0,19,1079,'מתנס כוכב יאיר','שיעור ספינינג מתנס כוכב יאיר','2016-02-02 19:24:53','2016-02-02 19:24:53','EVENT_LOCKED'),(218,1,'Friday - AM2','2016-02-12 06:30:00','2016-02-12 07:30:00','2016-02-04 15:00:00',0,19,1079,'מתנס כוכב יאיר','שיעור ספינינג מתנס כוכב יאיר','2016-02-02 19:24:54','2016-02-02 19:24:54','EVENT_LOCKED');
/*!40000 ALTER TABLE `events` ENABLE KEYS */;
UNLOCK TABLES;

--
-- Table structure for table `person`
--

DROP TABLE IF EXISTS `person`;
/*!40101 SET @saved_cs_client     = @@character_set_client */;
/*!40101 SET character_set_client = utf8 */;
CREATE TABLE `person` (
  `personId` int(11) NOT NULL AUTO_INCREMENT,
  `phoneNumber` varchar(255) NOT NULL,
  `firstName` varchar(255) NOT NULL,
  `lastName` varchar(255) DEFAULT NULL,
  `address` varchar(255) DEFAULT NULL,
  `email` varchar(255) DEFAULT NULL,
  `birthDate` date DEFAULT NULL,
  PRIMARY KEY (`personId`,`phoneNumber`,`firstName`)
) ENGINE=InnoDB AUTO_INCREMENT=1448 DEFAULT CHARSET=utf8;
/*!40101 SET character_set_client = @saved_cs_client */;

--
-- Dumping data for table `person`
--

LOCK TABLES `person` WRITE;
/*!40000 ALTER TABLE `person` DISABLE KEYS */;
INSERT INTO `person` VALUES (-1,'NA','NA','NA','NA','NA',NULL),(1000,'(972)0507730705','Roi','Dayan','KY Hanegev 10','roid@amdocs.com','1973-11-09'),(1001,'(972)0507730705','Yam','Dayan','KY Hanegev 10','yam@gmail.com','2014-01-09'),(1002,'(972)0507730705','Nave','Dayan','KY Hanegev 10','Nave@gmail.com','2007-12-19'),(1003,'(972)0507730705','Beeri','Dayan','KY Hanegev 10','Beeri@gmail.com','2006-01-22'),(1004,'(972)0547439943','Lauris','','KY Dan 36','ree@netvision.net.il',NULL),(1005,'(972)0549996851','Idan','Korin','Haifa','idan.korin@elbitsystems.com','1971-10-10'),(1006,'(972)0529571776','Zohar','Lis','Tzur Yigal','ZLiss@tmlw.co.il','1973-05-09'),(1007,'(972)0549314729','Edut','Korin','Haifa','edutkorin@gmail.com','1971-03-06'),(1008,'(972)0549985508','Ehud','Dayan','Dekel 58','ehudayan@gmail.com','1940-01-02'),(1009,'(972)0549985509','Yochi','Dayan','Dekel 58','dayanyochi@gmail.com','1945-11-27'),(1010,'(972)0525707388','Ali','Dayan','Modin','alidin@gmail.com','1980-01-01'),(1011,'(972)123456789','Test',NULL,NULL,NULL,NULL),(1012,'(972)0507214401','איריס','דיויס','כוכב יאיר דרגות  18','','1953-03-09'),(1013,'(972)0523414451','שרה','ויסמן','כוכב יאיר היסמין  13','',NULL),(1014,'(972)0502279333','סיגל','אפטרוט','שער אפרים שער אפרים 176','',NULL),(1016,'(972)0505572288','אלחנן','אשר','צור יגאל חרוב  11','','1961-02-01'),(1017,'(972)0508557650','לינדה','בן- יעקב','כוכב יאיר גלבוע 36 כוכב יאיר','ben1122@netvision.net.il','1960-07-07'),(1019,'(972)0507440241','שושנה','גרינוולד','כוכב יאיר רח\' בית-אל 33','drsgrinwald@gmail.com','1949-06-12'),(1021,'(972)0506220132','לאורה','צלופוביץ','צור יגאל אבני חן 29','laurachalu@gmail.com',NULL),(1022,'(972)0506008201','דליה','שושן','כוכב יאיר 34גלבוע','d.orenshoshan@gmail.com','1963-01-11'),(1023,'(972)0507403341','חלי','שושני','צור יגאל סנונית 21','helli1sh@walla.com',NULL),(1026,'(972)0544330357','דוד','מייל','כוכב יאיר עמק דותן 16 צור יגאל','david.mail37@gmail.com','1966-12-07'),(1028,'(972)0508881011','שרון','פנר','צור יגאל עמק האלה 9','Sharons104@gmail.com','1969-11-07'),(1029,'(972)0522318569','אסתר','ביר','כוכב יאיר הגלעד  7/459','etibier@yahoo.com','1955-03-06'),(1031,'(972)0528444800','נח','גרינוולד','כוכב יאיר בית-אל 33','grinwald@netvision.net.il','1949-01-05'),(1034,'(972)0523572551','מירית','להב','צור יגאל כרמל 38','itaylahav@bezeqint.net','1966-10-04'),(1036,'(972)0526662061','עדי','גוריה','כוכב יאיר דרגות  10','Rachel@spaceit.co.il','2001-03-03'),(1037,'(972)0527907697','סיגלית','נוימן','כוכב יאיר גריזים  15/1046','sagalit@hotmail.com','1965-04-02'),(1040,'(972)0524496238','ויויאנה','קושניר','צור יגאל  16 כרמל','vivi.kushnir@gmail.com',NULL),(1041,'(972)0523294574','שרון','ראובני','כוכב יאיר המישר 3','sharon@2sher.co.il','1972-06-09'),(1042,'(972)0526002745','שמוליק','רוטשס','כוכב יאיר הכרכום 11','rotshas1@gmail.com','1970-03-09'),(1043,'(972)0522548715','אורלי','רומן','כוכב יאיר ','','1956-01-01'),(1044,'(972)0528734590','נורית','שלח','כוכב יאיר רח בית אל 99','shelahnu@netvision.net.il','1952-01-02'),(1047,'(972)0523893513','גילה','קדיש','כוכב יאיר אגוז 64','gilakadish@issta.co.il','1963-02-08'),(1049,'(972)0528880308','עדי','בלנרו פלג','שער אפרים שנהב 172','yaron_b1@zahav.net.il','1973-12-07'),(1051,'(972)0544791353','רקפת','אופק אלמוג','כוכב יאיר ת.ד. 1240','ofek.almog@gmail.com','1972-08-08'),(1052,'(972)0527204176','הדר','בן-ששון','צור יגאל אודם','hadar.pretty@gmail.com',NULL),(1054,'(972)0548081882','שמואל','בצלאל','כוכב יאיר הלוטם 14','shmilb@012.net.il','1953-05-07'),(1055,'(972)0544346044','יהודית','ברוקס','כוכב יאיר דן 52','judibrooks1@gmail.com',NULL),(1057,'(972)0544860418','איריס','דהן','כוכב יאיר ברק 5','iris-d11@bezeqint.net',NULL),(1058,'(972)0543090611','רביטל','דואק','כוכב יאיר ברעם 3','duekry@gmail.com','1970-09-09'),(1062,'(972)0542282217','יהושע','וינטר','כוכב יאיר דקלה 8','winterjota@yahoo.com','2058-07-06'),(1064,'(972)0544411343','אורנה','לב','כוכב יאיר בארי28 אורנה לב','Ornlev@gmail.com','1954-06-06'),(1066,'(972)0544827176','פולאה','מרקו','כוכב יאיר דן 44, ת.ד.1352','polea.marcu@gmail.com','1954-06-05'),(1067,'(972)0549222161','עידו','סלע','צור יגאל ברקת 8','edo.sela@gmail.com',NULL),(1068,'(972)0547755852','אילן','פלג','צור יגאל ארבל 36','doritpe@gmail.com',NULL),(1071,'(972)0542303730','שמעון','זיסין','כוכב יאיר דור  2/678','zshimon2@walla.com','1954-08-07'),(1072,'(972)0506303546','רוזנה','סירולניק','כוכב יאיר שוהם 21','rosanacir@gmail.com',NULL),(1074,'(972)0526025335','רן','צור','סלעית מושב סלעית','ranyzur74@gmail.com',NULL),(1075,'(972)0545514740','תמר','קרן','כוכב יאיר creth 2','',NULL),(1076,'(972)0547439943','לוריס','מנדלוביץ','כוכב יאיר דן 36','','1961-08-04'),(1077,'(972)0547577993','רויטל','משה-אדלמן','צור נתן','','1979-11-07'),(1078,'(972)0524283247','חני','נאמן','צופית','','1969-10-10'),(1079,'(972)1234567890','שחר','','','',NULL),(1080,'(972)0525092434','מיקי','אייזנר','','',NULL),(1081,'(972)0523359454','רונן','אהרפי','','',NULL),(1082,'(972)0545805880','רנים','מנסור','','',NULL),(1083,'(972)0525112048','נורית','פדר','','',NULL),(1084,'(972)0544562040','איילת','בצלאל','כוכב יאיר הלוטם 13','',NULL),(1085,'(972)0507730705','Rio','','','',NULL),(1086,'(972)0523893513','Gila','kadish','','gilakadish@issta.co.il',NULL),(1087,'(972)0506215705','חיים','שקד','','haim70576@gmail.com',NULL),(1092,'(972)0506216705','Hain','','','',NULL),(1093,'(972)0506225705','חיים','','','',NULL),(1096,'(972)0506215705','חייםשקד','','','',NULL),(1097,'(972)0506215705','Haim','','','',NULL),(1098,'(972)0506215705','Haimshaked','','','',NULL),(1099,'(972)0506215705','שקד','','','',NULL),(1100,'(972)0506215705','Shaked','','','',NULL),(1101,'(972)0545241717','Rafi','Koby','','rafi@bina-design.co.il',NULL),(1102,'(972)0528880308','adi','pelleg','','adipelleg@gmail.com',NULL),(1105,'(972)0535805880','Raneem','Mansor','','Likaa10@walla.com',NULL),(1107,'(972)0545241717','רפי','קובי','','rafi@bina-design.co.il',NULL),(1108,'(972)0545241717','rafikoby','','','rafi@bina-desin.co.il',NULL),(1109,'(972)0545241717','רפיקובי','','','',NULL),(1112,'(972)0606215705','Haim','','','',NULL),(1113,'(972)0526084000','אלעד','אשר','','elad.asher@gmail.com',NULL),(1114,'(972)0545241717','Rafikobi','','','',NULL),(1116,'(972)0523359454','Ronen','Aharfi','','Ronen20@013.net',NULL),(1117,'(972)0542404162','נטע','בורקמן','','Netaburkman@gmail.com',NULL),(1118,'(972)0523294574','Sharon','Reuveni','','Sharon@2sher.co.il',NULL),(1120,'(972)0502120818','נעמה','גיספן','כוכב יאיר בארותיים 1','dalit@broadcom.com','2002-04-03'),(1121,'(972)0526132523','אבירם','הרצברג','כןכב יאיר   18  גלבוע','efrat.mhertz@gmail.com',NULL),(1122,'(972)0506264971','מאיר','אשכנזי','כוכב יאיר הורד  13/452','',NULL),(1123,'(972)0524673187','רונן','גולדנברג','כוכב יאיר לליבנים 22','g-sharon@actcom/co/il',NULL),(1124,'(972)0523735234','מיכאל','ציפין','צור יגאל צרעה  4','mzipin@gmail.com','1956-06-07'),(1126,'(972)0525735994','סיון','שן','צור יגאל נוף הרים 24','yuvalshn@zahav.net.il','1966-04-05'),(1127,'(972)0544497038','עמיר','ויגלמן','צור יגאל כרמל 12','aviv.wigelman@gmail.com',NULL),(1129,'(972)0507410414','פיליפ','ברוקס','כוכב יאיר דן 52','judibrooks1@gmail.com',NULL),(1130,'(972)0544424100','יואב','דואק','כוכב יאיר ברעם 3','duekry@gmail.com','1970-06-01'),(1131,'(972)0509758418','יהודה','דרור','כוכב יאיר גלבע 20','tch.dror@gmail.com',NULL),(1134,'(972)0508922295','מלי','שחורי','כוכב יאיר גריזים 4/914','mally@bezeqiut.net','1962-01-02'),(1136,'(972)0523290716','איתי','להב','צור יגאל כרמל 38','itaylahav@bezeqint.net','1964-02-10'),(1137,'(972)0542414162','נטע','בורקמן','','Netaburkman@gmail.com',NULL),(1141,'(972)0535805880','רנים','מנסור','','Likaa10@walla.com',NULL),(1142,'(972)0525092460','מיקי','אייזנר','','Eisner@orange.net.il',NULL),(1150,'(972)0522318569','Eti','bier','','etibier@yahoo.com',NULL),(1152,'(972)0508772772','לי-אור','פנר','צור יגאל עמק האלה 9','pener@012.net.il','2002-03-09'),(1154,'(972)0525340516','שחר','גרסון','','',NULL),(1155,'(972)0527903697','סיגלית','נוימן','','sagalit@hotmail.com',NULL),(1156,'(972)0524283247','נאמן','חני','','',NULL),(1157,'(972)0548081882','שמיל','בצלאל','','shmilb@012.net.il',NULL),(1159,'(972)0542455820','Tzela','Dayan','כוכב יאיר הנגב 10','tzeladayan.un@gmail.com','1975-02-27'),(1160,'(972)0506262971','מאיר','אשכנזי','','Ashmeir@gmail.com',NULL),(1161,'(972)0544424100','Yoav','Duek','','duekry@gmail.com',NULL),(1163,'(972)0528792999','עדי','גוריה','','adig3301@walla.co.il',NULL),(1164,'(972)0526025335','רני','צור','','ranyzur74@gmail.com',NULL),(1165,'(972)0525112048','nurit','feder','','',NULL),(1166,'(972)0525112048','.נורית','פדר','','',NULL),(1167,'(972)0508881011','Sharon','Pener','','Sharons104@gmail.com',NULL),(1168,'(972)0507440241','Shoshi','Grinwald','','Drsgrinwald@gmail.com',NULL),(1169,'(972)0507440241','שושי','גרינוולד','','Drsgrinwald@gmail.com',NULL),(1170,'(972)054-3090611','רביטל','דואק','','duekry@gmail.com',NULL),(1171,'(972)0545514740','Tamar','Keren','','',NULL),(1173,'(972)0504443525','גבארה ','נדים','','',NULL),(1174,'(972)0504445818','סיהראב','שייח יוסף','','',NULL),(1175,'(972)0544497038','Amir','Wigelman','','',NULL),(1176,'(972)0509758418','yehuda','dror','','yehdror@gmail.com',NULL),(1177,'(972)0509758418','dror','Yehuda','','yehdror@gmail.com',NULL),(1178,'(972)0522318569','אתי','ביר','','etibier@yahoo.com',NULL),(1179,'(972)0506303546','רוסנה','סירולניק','','Rosanacir@gmail.com',NULL),(1180,'(972)0544827176','PoleaM','Marcu','','polea.marcu@gmail.com',NULL),(1181,'(972)054-4827176','Polea','Marcu','','polea.marcu@gmail.com',NULL),(1182,'(972)0542282217','שוקי','וינטר','','winterjota@yahoo',NULL),(1183,'(972)054-4827176','פולאה','מרקו','','polea.marcu@gmail.com',NULL),(1184,'(972)0504445818','Sehrab','Shiekhyousef','','Sehrab165@hotmail.com',NULL),(1185,'(972)+972527907697','סיגלית','נוימן','','sagalit@Hotmail.com',NULL),(1186,'(972)0527ם07697','סיגלית','נוימן','','',NULL),(1188,'(972)0526952639','שוקי','גור','','Shuki@gurtex85.com',NULL),(1190,'(972)0526952639','יהושע','גור','','Shuki@gurtex85.com',NULL),(1193,'(972)0546333770','רונית','מידן','כוכב יאיר','meidan.ronit@gmail.com','2016-01-01'),(1195,'(972)0522208931','מאי','גור',' ','may.gur13@gmail.com',NULL),(1196,'(972)0522208931','May','Gur','','May.gur13@gmail.com',NULL),(1200,'(972)123456789','instructor_first_name','instructor_first_name','instructor address',NULL,NULL),(1201,'(972)0504874499','מעיין','גילת','כפר סבא','Maayan_gilat@walla.com','1906-02-03'),(1202,'(972)0528072200','רויטל','אהרוני','','aharevi22@gmail.com',NULL),(1203,'(972)0524317771','נועם','אהרפי','','noam4828@gmail.com','2017-01-02'),(1204,'(972)0523542941','סוני','אודלר ','','sonis@jafi.org','2016-03-11'),(1205,'(972)0543388902','ניקול','אוחנה','','nicoli22@walla.com','2016-10-09'),(1206,'(972)0506283763','תמי','אומנסקי','','tami.umanski@gmail.com','2016-08-05'),(1207,'(972)0526191969','נעמה ','אילני','','ilaninaama@gmail.com',NULL),(1208,'(972)0524339095','מיטל ','אירני','','c4dstyling@gmail.com','2015-03-02'),(1209,'(972)0547712298','אילנה ','אלון','','ilana.alon@cts.co.il','2016-04-03'),(1210,'(972)0522717320','שלומית ','אנגל','','roie8@bezeqint.net','2016-09-08'),(1211,'(972)0546434316','ירדן','אפטר','','yarden5432@gmail.com','2015-05-03'),(1212,'(972)0544923119','נועה','אקשטיין','','noaeka@gmail.com','2015-06-12'),(1213,'(972)0549767988','גאיה ','אקשטיין','','gaya.ekstein@gmail.com','2016-10-11'),(1214,'(972)0523353890','אלה','בין','','beenella1@gmail.com','2016-09-02'),(1215,'(972)0547538567','מתיה','בן דהן','','matteaj@gmail.com','2015-04-09'),(1216,'(972)0545499408','אורית','בן עזרא','','oritbe@amdocs.com',NULL),(1217,'(972)0545499409','עופר','בן עזרא','','oferbe1@walla.com',NULL),(1218,'(972)0507734567','נועה','בר','','noabar57@gmail.com','2016-04-07'),(1219,'(972)0527440001','יפעת','בר-טל',NULL,'metukim.by.ifat@gmail.com','2016-02-29'),(1220,'(972)0542288804','זהר','בר גלובה',NULL,'zoavibar@gmail.com','2016-11-08'),(1221,'(972)0547503513','דניאל','דגן',NULL,'agdagan@gmail.com',NULL),(1222,'(972)0545910669','שחר ','דוידי',NULL,'shachard1991@hotmail.co.il','2016-09-11'),(1223,'(972)0546644056','אורלי','דייג',NULL,'orlydayag@gmail.com','2016-10-12'),(1224,'(972)0542445649','נועם','דפני דלל',NULL,'noamdd2708@gmail.com','2017-03-08'),(1225,'(972)0507644436','טל','הולנדר',NULL,'tal@aqumarina.ci.il','2016-07-08'),(1226,'(972)0523528958','איילת','הורביץ',NULL,'ayeletaviv@hotmail.com','2016-01-05'),(1227,'(972)0523412410','עמית ','הללי',NULL,'amit.halally@gmail.com','2016-08-10'),(1228,'(972)0545422522','גליה','הראל',NULL,'gali.h2@gmail.com','2016-03-08'),(1229,'(972)0522759319','רון','הראל',NULL,'harelron13@walla.com','2016-01-03'),(1230,'(972)0543178666','שחר','וקסלר',NULL,'shachar070793@gmail.com','2015-07-07'),(1231,'(972)0546969127','שחר ','זהבי',NULL,'zhaevi3@walla.com','2015-07-02'),(1232,'(972)0546655664','מיקה ','זהר',NULL,'micka@mayazohar.co.il','2015-03-10'),(1233,'(972)0506956435','גליה','זכאי',NULL,'galiazakay@gmail.com','2015-09-28'),(1234,'(972)0527958543','זהר ','חן',NULL,'','2017-01-07'),(1235,'(972)0542082093','גלית','טויטו',NULL,'galit@twistyle.co.il','2016-04-05'),(1236,'(972)0543291381','עמית','טויטו','','amittwito10@gmail.com',NULL),(1237,'(972)0546844022','עדי','כהן באבי',NULL,'adico2209@gmail.com','2016-10-09'),(1238,'(972)0547752923','מיטל ','כהן חיים ',NULL,'meytalh@gmail.com','2015-03-02'),(1239,'(972)0544492071','רימון','כפרי',NULL,'rimonif@gmail.com',NULL),(1240,'(972)0507851076','אילנה','כרם ',NULL,'kerm1@walla.com','2015-12-01'),(1241,'(972)0547802007','בשמת','לוי',NULL,'bosmatlevy25@gmail.com','2017-04-08'),(1242,'(972)0508668269','מירית','לוי',NULL,'miritcoh@gmail.com','2015-01-02'),(1243,'(972)0509300000','שרון','לוי',NULL,'sharon@juba.co.il',NULL),(1244,'(972)0505811479','רחלי','לוין',NULL,'racheli.levin@gmail.com',NULL),(1245,'(972)0526109914','רן ','לוין',NULL,'ranran441@gmail.com',NULL),(1246,'(972)0523909007','אפרת','ליבנה',NULL,'efrat.avraham@gmail.com','2016-02-12'),(1247,'(972)0544564999','קרן','לשם',NULL,'kleshem@gmail.com',NULL),(1248,'(972)0523261012','יערה','מופז',NULL,'yaaramo@gmail.com','2015-11-11'),(1249,'(972)0545733178','דפנה','מופז',NULL,'dafmof@gmail.com','2017-05-08'),(1250,'(972)0507103137','עדי','מזרחי',NULL,'adi3miz@gmail.com','2015-10-05'),(1251,'(972)0544544336','סיגל','מנדל',NULL,'sigalmandl21@gmail.com',NULL),(1252,'(972)0542397470','עינת','מרגלית',NULL,'margalit.einat@gmail.com',NULL),(1253,'(972)0544307190','תמי','מרקוביץ',NULL,'tami.marcovich@gmail.com',NULL),(1254,'(972)0544363675','עינת','מתוק',NULL,'einat1803@gmail.com','2016-03-18'),(1255,'(972)0542434884','כנרת','נדל',NULL,'ktnadel@gmail.com',NULL),(1256,'(972)0545621895','הגר','ניר',NULL,'cottonetfabrics@gmail.com',NULL),(1257,'(972)0548353693','נועה','סלע',NULL,'benny.ericom@gmail.com',NULL),(1258,'(972)0542127972','דנית','סניור',NULL,'danit.senyor@gmail.com','2017-04-08'),(1259,'(972)0549197569','שיר','סעדיה',NULL,'shir3501@gmail.com','2016-11-08'),(1260,'(972)0507679397','איתי ','עוז',NULL,'tsipitay@gmail.com','2016-02-09'),(1261,'(972)0526888554','עופרי ','פינקלשטיין',NULL,'ofrifi96@gmail.com','2015-07-03'),(1262,'(972)0526888553','עמית','פינקלשטיין',NULL,'amitfin25@gmail.com','2015-09-08'),(1263,'(972)0546790100','דנה','פיסטנר',NULL,'danapi89@walla.co.il','2015-05-10'),(1264,'(972)0507606069','עדי ','פיש',NULL,'raanan_fish@yahoo.com','2016-10-02'),(1265,'(972)0587272002','שי','פנר',NULL,'shaype27@walla.com',NULL),(1266,'(972)0523527205','דנית','פרידמן',NULL,'danit999@gmail.com','2016-11-12'),(1267,'(972)0524796111','שירה','פרנק',NULL,'shira@ad2face.com','2016-05-21'),(1268,'(972)0543303396','אביב ','צביבל',NULL,'avivzw@gmail.com','2017-02-05'),(1269,'(972)0545661327','איתי','צור',NULL,'itayzur21@gmail.com','2015-05-06'),(1270,'(972)0506871667','ציפורה','צעדה',NULL,'tziporaz123@gmail.com','2016-03-02'),(1271,'(972)0528581583','קלאודיה','קובי',NULL,'true_d@netvision.net.il','2016-01-02'),(1272,'(972)0545575255','מרינה','קוגן',NULL,'marinuchka.k@gmail.com','2017-01-04'),(1273,'(972)0547736964','מיה','קורן',NULL,'mayakoren2001@gmail.com',NULL),(1274,'(972)0587071213','נני','קיסר',NULL,'keysar.nany@gmail.com','2015-01-05'),(1275,'(972)0545282844','מרב','קנטור',NULL,'kantormerav66@gmail.com','2015-11-07'),(1276,'(972)0508513704','צליל','קרן',NULL,'keren_tzlil@walla.co.il','2016-11-01'),(1277,'(972)0528786216','הילה','ראובני',NULL,'reuhila@gmail.com',NULL),(1278,'(972)0543324760','נועה','ראש',NULL,'noarosh209@gmail.com',NULL),(1279,'(972)0503323345','ענבל','רוזנטל',NULL,'roinbal@walla.com','2015-07-06'),(1280,'(972)0523247028','אלמוג','שאנן',NULL,'almog.porat@gmail.com','2017-01-11'),(1281,'(972)0524236860','מיכל','שביט',NULL,'mikshavit@gmail.com','2015-08-02'),(1282,'(972)0546672793','אלונה ','שבנוב',NULL,'alonash1508@gmail.com','2016-03-08'),(1283,'(972)0526633668','הגר','שוברט',NULL,'hagar1682@gmail.com',NULL),(1284,'(972)0503938371','לירון','שוורץ',NULL,'liron301132361@gmail.com','2016-07-08'),(1285,'(972)0507403350','עמית ','שושני',NULL,'amit1shoshani@gmail.com','2016-06-08'),(1286,'(972)0506619891','דיקלה','שטיין',NULL,'diklastein@013.net','2017-07-03'),(1287,'(972)0544491200','ניצן','שטיין',NULL,'nitzanstein1993@gmail.com','2016-12-04'),(1288,'(972)0544858230','ליהי','שטיין גבע',NULL,'lihis@amdocs.com',NULL),(1289,'(972)0526664565','שירן','שלומוביץ',NULL,'1202oren@walla.com','2015-12-02'),(1290,'(972)0545809254','איריס','שפירא',NULL,'iris101@012.net.il',NULL),(1291,'(972)0546153868','הדס','שפירא',NULL,'bazgi10@gmail.com','2016-06-01'),(1292,'(972)0525546400','נעם','שרוני',NULL,'noam.sharoni24@gmail.com','2016-12-02'),(1293,'(972)0544435548','גל','ששון',NULL,'gal103sa@gmail.com',NULL),(1294,'(972)0504308362','אדוה','להב',NULL,'adva1180@gmail.com','2015-11-08'),(1295,'(972)0544556549','לירון','דהן',NULL,'lirondahan6@gmail.com','2017-02-04'),(1296,'(972)0543231612','מעיין','גבע','','maayangeva98@gmail.com','2015-09-08'),(1297,'(972)0523435938','נחמה','גולדברג ','','nehamag09@gmail.com','2015-09-12'),(1298,'(972)0502780757','מלכה','גילת',NULL,'malgil1g@gmail.com','2016-01-27'),(1299,'(972)0503780757','רעות','גילת',NULL,'reutgilat@walla.com','2016-01-14'),(1300,'(972)0547878206','איתי','גלינרט','','itaiglinert@gmail.com','2016-04-11'),(1301,'(972)0547311850','הלנה','גלינרט','','helena.glinert@gmail.com','2016-11-04'),(1302,'(972)0543565115','טלי','גמליאלי','','taligamlieli@gmail.com','2016-02-12'),(1303,'(972)0546781985','נגה','גפן','','nogagefen262@gmail.com',NULL),(1304,'(972)0545772713','שני','גרשוני','','sgamlieli@gmail.com','2015-10-09'),(1307,'(972)0507494508','רוני','אוחנה',NULL,'emy_shor@walla.com','2016-03-03'),(1308,'(972)0523344938','עופר','ברוך ','','drbaruch@bezeqint.net','2016-02-08'),(1309,'(972)0538203326','עמית','ונטורה',NULL,'venturat@zahav.net.il',NULL),(1310,'(972)0527707779','אתי','חן',NULL,'eti222chen@gmail.com','2016-10-02'),(1311,'(972)0525340516','Shachar','Gerson','','gerson2665@gmail.com',NULL),(1312,'(972)0547765852','אילן','','','',NULL),(1313,'(972)0528701086','טליה','גבעתי',' ','',NULL),(1314,'(972)0528701086','talia','givati','','taliagiv55@gmail.com',NULL),(1315,'(972)0528701086','tali','givati','','',NULL),(1316,'(972)0528701086','taia','givati','','',NULL),(1319,'(972)0544460123','ערן','ניר','','eranir@gmail.com',NULL),(1320,'(972)0544460123','Eran','Nir','','eranir@gmail.com',NULL),(1321,'(972)054-4791353','רקפת','אלמוג','','',NULL),(1322,'(972)0507214401','Iiris','','','',NULL),(1324,'(972)0544932087','שלומי','טאובר','כוכב יאיר בארי  13','nitzan_tauber@hotmail.com','1959-06-07'),(1325,'(972)0523290716','Lahav','itay','','itay@zriha.com',NULL),(1326,'(972)0523290716','Itay','Lahav','','itay@zriha.com',NULL),(1327,'(972)0523290716','להב','איתי','','itay@zriha.com',NULL),(1328,'(972)0547755852','אילןפלג','','','',NULL),(1329,'(972)0535895880','רנים','מנסור','','Likaa10@walka.com',NULL),(1331,'(972)0547497622','עמית ','חסקי',NULL,'',NULL),(1332,'(972)0502910107','דרור ','קדם',NULL,'dror2409@gmail.com',NULL),(1333,'(972)0546419441','שני','שבנוב',NULL,NULL,NULL),(1334,'(972)0524765082','גילי','קדמן',NULL,'',NULL),(1335,'(972)0526530657','דניאל','בר אדון',NULL,'','1906-02-03'),(1336,'(972)0506956435','גליהזכאי',NULL,NULL,NULL,NULL),(1337,'(972)050-6956435','גליהזכאי',NULL,NULL,NULL,NULL),(1338,'(972)050-6956435','Galiazakay',NULL,NULL,NULL,NULL),(1339,'(972)0504790311','עופר','',NULL,'',NULL),(1340,'(972)0543231612','מעייןגבע',NULL,NULL,NULL,NULL),(1341,'(972)0547112900','איתיפלד',NULL,NULL,NULL,NULL),(1342,'(972)0549996851','עידן','קורין','','',NULL),(1343,'(972)0547112900','איתי','פלד','','',NULL),(1344,'(972)0546790100','דנהפיסטינר',NULL,NULL,NULL,NULL),(1345,'(972)0549090226','איה','פלד','','',NULL),(1354,'(972)0507103137','עדימזרחי',NULL,NULL,NULL,NULL),(1355,'(972)0504308362','אדוהלהב',NULL,NULL,NULL,NULL),(1356,'(972)0507103137','adimizrahi',NULL,NULL,NULL,NULL),(1357,'(972)0528573666','עדייוקלר',NULL,NULL,NULL,NULL),(1358,'(972)050866826,','מירית',NULL,NULL,NULL,NULL),(1359,'(972)0528072200','רויטלאהרוני',NULL,NULL,NULL,NULL),(1360,'(972)0542082093','GalitTwito',NULL,NULL,NULL,NULL),(1361,'(972)0542082093','גליתטויטו',NULL,NULL,NULL,NULL),(1362,'(972)0547311850','הלנהגלינרט',NULL,NULL,NULL,NULL),(1363,'(972)0526888553','עמיתפינקלשטיין',NULL,NULL,NULL,NULL),(1364,'(972)0523203237','שחר','מרגלית','','',NULL),(1365,'(972)0546781985','נגהגפן',NULL,NULL,NULL,NULL),(1368,'(972)0542773330','קרן','בזק',NULL,'',NULL),(1369,'(972)0523435938','נחמהגולדברג',NULL,NULL,NULL,NULL),(1370,'(972)0525092434','טל',NULL,NULL,NULL,NULL),(1371,'(972)0523412410','עמיתהללי',NULL,NULL,NULL,NULL),(1372,'(972)0528573666','Adi',NULL,NULL,NULL,NULL),(1373,'(972)0526530657','דניאלבראדון',NULL,NULL,NULL,NULL),(1374,'(972)0507494508','רוניאוחנה',NULL,NULL,NULL,NULL),(1375,'(972)0542773331','קרן',NULL,NULL,NULL,NULL),(1376,'(972)0549090236','איה',NULL,NULL,NULL,NULL),(1377,'(972)0547736964','מיהקורן',NULL,NULL,NULL,NULL),(1378,'(972)0547754321','דניאל',NULL,NULL,NULL,NULL),(1379,'(972)0506871677','ציפי',NULL,NULL,NULL,NULL),(1380,'(972)0528573666','עדי',NULL,NULL,NULL,NULL),(1381,'(972)0528581583','קלאודיהקובי',NULL,NULL,NULL,NULL),(1382,'(972)0503938371','Liron',NULL,NULL,NULL,NULL),(1383,'(972)0628573666','עדי',NULL,NULL,NULL,NULL),(1384,'(972)0545809254','iris',NULL,NULL,NULL,NULL),(1385,'(972)0545809254','irisschapiro',NULL,NULL,NULL,NULL),(1386,'(972)0545809254','איריסשפירא',NULL,NULL,NULL,NULL),(1387,'(972)0522326319','אתי','רגב','','regev.eti@gmail.com','1963-10-10'),(1388,'(972)0523909007','אפרתליבנה',NULL,NULL,NULL,NULL),(1389,'(972)0545626689','סתיודוד',NULL,NULL,NULL,NULL),(1390,'(972)0545626689','סתיו','דוד','','',NULL),(1391,'(972)0545626679','הדס','דוד','','',NULL),(1392,'(972)0506619891','דקלה',NULL,NULL,NULL,NULL),(1393,'(972)0545601186','עמית',NULL,NULL,NULL,NULL),(1394,'(972)0545621895','Hagar',NULL,NULL,NULL,NULL),(1395,'(972)0545621895','Cottonet',NULL,NULL,NULL,NULL),(1396,'(972)0543324760','נועהראש',NULL,NULL,NULL,NULL),(1397,'(972)0544622037','יורם','נוימן','','',NULL),(1400,'(972)0505954000','אילנית','שמר','','',NULL),(1401,'(972)0523246607','איילה','ירון','','',NULL),(1402,'(972)054-4622037','Yoram',NULL,NULL,NULL,NULL),(1403,'(972)054-4622037','יורם',NULL,NULL,NULL,NULL),(1404,'(972)054-3324760','נועה',NULL,NULL,NULL,NULL),(1405,'(972)3324760','נועה',NULL,NULL,NULL,NULL),(1406,'(972)0542127972','דניתסניור',NULL,NULL,NULL,NULL),(1407,'(972)052-4765082','Gili',NULL,NULL,NULL,NULL),(1408,'(972)0524765082','Gili',NULL,NULL,NULL,NULL),(1409,'(972)0524765082','גיליקדמן',NULL,NULL,NULL,NULL),(1410,'(972)052-3344938','עופרברוך',NULL,NULL,NULL,NULL),(1411,'(972)052-3344938','OferBaruch',NULL,NULL,NULL,NULL),(1412,'(972)0528825862','נוי',NULL,NULL,NULL,NULL),(1413,'(972)0528825862','נויבלומנקרנץ',NULL,NULL,NULL,NULL),(1414,'(972)0506278246','גילה',NULL,NULL,NULL,NULL),(1415,'(972)0506278256','גילה',NULL,NULL,NULL,NULL),(1416,'(972)0543291381','עמית',NULL,NULL,NULL,NULL),(1417,'(972)0546644056','Orly',NULL,NULL,NULL,NULL),(1418,'(972)0546600172','עופרה',NULL,NULL,NULL,NULL),(1419,'(972)0546600172','עפרה','מילבאום','','',NULL),(1420,'(972)0523120700','שלומית',NULL,NULL,NULL,NULL),(1421,'(972)0526065133','טל','רוזן כרם','','',NULL),(1422,'(972)0503233895','ענבר','הרטמן','','',NULL),(1423,'(972)0508482114','אמירה','דגן','','',NULL),(1424,'(972)0543065070','יפעת','טולצ\'ינסקי','','',NULL),(1425,'(972)0528276086','ספיר','הרטמן ','','',NULL),(1426,'(972)0548140995','מאיה','טרמין','','',NULL),(1427,'(972)0544447714','לילך','סבג','','',NULL),(1428,'(972)ראובני','הילה',NULL,NULL,NULL,NULL),(1429,'(972)054454433ן','סיגל',NULL,NULL,NULL,NULL),(1430,'(972)054454433ן6','סיגל',NULL,NULL,NULL,NULL),(1431,'(972)0544544336','Sigal',NULL,NULL,NULL,NULL),(1432,'(972)054ט544336','סיגל',NULL,NULL,NULL,NULL),(1433,'(972)0526384422','גילי','יצחק','','',NULL),(1434,'(972)0525546027','שיר  ','נויבוואר','','',NULL),(1435,'(972)054‑814‑0995','מאיה',NULL,NULL,NULL,NULL),(1436,'(972)0548140995','שיר',NULL,NULL,NULL,NULL),(1437,'(972)0526384422','הדס',NULL,NULL,NULL,NULL),(1438,'(972)052','סתיו',NULL,NULL,NULL,NULL),(1441,'(972)0548353693','נועהסלע',NULL,NULL,NULL,NULL),(1442,'(972)0648353693','נועה',NULL,NULL,NULL,NULL),(1443,'(972)0524434482','רעות','גלר','','',NULL);
/*!40000 ALTER TABLE `person` ENABLE KEYS */;
UNLOCK TABLES;

--
-- Table structure for table `personClass`
--

DROP TABLE IF EXISTS `personClass`;
/*!40101 SET @saved_cs_client     = @@character_set_client */;
/*!40101 SET character_set_client = utf8 */;
CREATE TABLE `personClass` (
  `classId` int(11) NOT NULL,
  `personId` int(11) NOT NULL,
  `type` varchar(255) NOT NULL,
  `numberOfValidRegistrations` int(11) DEFAULT '-999',
  KEY `fk_pc_class` (`classId`),
  KEY `fk_pc_person` (`personId`),
  CONSTRAINT `fk_pc_class` FOREIGN KEY (`classId`) REFERENCES `class` (`classId`),
  CONSTRAINT `fk_pc_person` FOREIGN KEY (`personId`) REFERENCES `person` (`personId`)
) ENGINE=InnoDB DEFAULT CHARSET=utf8;
/*!40101 SET character_set_client = @saved_cs_client */;

--
-- Dumping data for table `personClass`
--

LOCK TABLES `personClass` WRITE;
/*!40000 ALTER TABLE `personClass` DISABLE KEYS */;
INSERT INTO `personClass` VALUES (3,1011,'STUDENT',-999),(3,1004,'ADMIN',-999),(3,1004,'INSTRUCTOR',-999),(3,1004,'STUDENT',-999),(3,1002,'STUDENT',-999),(3,1000,'STUDENT',-999),(3,1001,'STUDENT',-999),(3,1003,'STUDENT',-999),(3,1005,'STUDENT',-999),(3,1008,'STUDENT',-999),(3,1007,'STUDENT',-999),(3,1006,'STUDENT',-999),(1,1012,'STUDENT',-1014),(1,1013,'STUDENT',-1010),(1,1014,'STUDENT',-1003),(1,1016,'STUDENT',-1008),(1,1017,'STUDENT',-1013),(1,1019,'STUDENT',-1012),(1,1021,'STUDENT',-1007),(1,1022,'STUDENT',-999),(1,1023,'STUDENT',-1016),(1,1026,'STUDENT',-1009),(1,1029,'STUDENT',-1002),(1,1031,'STUDENT',-1002),(1,1034,'STUDENT',-999),(1,1036,'STUDENT',-1010),(1,1037,'STUDENT',-1012),(1,1040,'STUDENT',-999),(1,1041,'STUDENT',-1004),(1,1042,'STUDENT',-1007),(1,1043,'STUDENT',-1018),(1,1044,'STUDENT',-1007),(1,1047,'STUDENT',-1012),(1,1049,'STUDENT',-1016),(1,1051,'STUDENT',-1012),(1,1052,'STUDENT',-1007),(1,1054,'STUDENT',-1014),(1,1055,'STUDENT',-1006),(1,1057,'STUDENT',-1002),(1,1058,'STUDENT',-1007),(1,1062,'STUDENT',-1019),(1,1064,'STUDENT',-1013),(1,1066,'STUDENT',-1005),(1,1067,'STUDENT',-1011),(1,1068,'STUDENT',-1008),(1,1071,'STUDENT',-1005),(1,1072,'STUDENT',-999),(1,1074,'STUDENT',-1002),(1,1000,'STUDENT',-999),(1,1075,'STUDENT',-1003),(1,1076,'STUDENT',-1003),(1,1077,'STUDENT',-999),(1,1078,'STUDENT',-999),(1,1079,'STUDENT',-999),(1,1076,'INSTRUCTOR',-1003),(1,1077,'INSTRUCTOR',-999),(1,1078,'INSTRUCTOR',-999),(1,1079,'INSTRUCTOR',-999),(1,1080,'STUDENT',-1010),(1,1081,'STUDENT',-1007),(1,1082,'STUDENT',-1009),(1,1083,'STUDENT',-1004),(1,1084,'STUDENT',-1008),(1,1120,'STUDENT',-1007),(1,1121,'STUDENT',-1004),(1,1122,'STUDENT',-1010),(1,1123,'STUDENT',-1007),(1,1124,'STUDENT',-1002),(1,1107,'STUDENT',-1008),(1,1087,'STUDENT',-1012),(1,1126,'STUDENT',-1009),(1,1127,'STUDENT',-1010),(1,1129,'STUDENT',-1013),(1,1130,'STUDENT',-1005),(1,1131,'STUDENT',-1010),(1,1134,'STUDENT',-1003),(1,1136,'STUDENT',-1000),(1,1117,'STUDENT',-1013),(1,1113,'STUDENT',-1015),(1,1154,'STUDENT',-999),(1,1159,'STUDENT',-999),(1,1173,'STUDENT',-999),(1,1174,'STUDENT',-999),(1,1188,'STUDENT',-1005),(1,1193,'STUDENT',-1011),(1,1195,'STUDENT',-1002),(2,1000,'STUDENT',10),(2,1201,'STUDENT',5),(2,1202,'STUDENT',-1000),(2,1203,'STUDENT',-999),(2,1204,'STUDENT',22),(2,1205,'STUDENT',-1004),(2,1206,'STUDENT',-999),(2,1207,'STUDENT',-999),(2,1208,'STUDENT',-999),(2,1209,'STUDENT',9),(2,1210,'STUDENT',3),(2,1211,'STUDENT',-999),(2,1212,'STUDENT',-1000),(2,1213,'STUDENT',-999),(2,1214,'STUDENT',-999),(2,1215,'STUDENT',-999),(2,1216,'STUDENT',-1000),(2,1217,'STUDENT',-999),(2,1218,'STUDENT',-999),(2,1219,'STUDENT',-999),(2,1220,'STUDENT',-999),(2,1221,'STUDENT',-1008),(2,1222,'STUDENT',-999),(2,1223,'STUDENT',-999),(2,1224,'STUDENT',-1001),(2,1225,'STUDENT',-1000),(2,1226,'STUDENT',-1008),(2,1227,'STUDENT',-1000),(2,1228,'STUDENT',9),(2,1229,'STUDENT',-999),(2,1230,'STUDENT',-1001),(2,1231,'STUDENT',-999),(2,1232,'STUDENT',8),(2,1233,'STUDENT',-1007),(2,1234,'STUDENT',-999),(2,1235,'STUDENT',10),(2,1236,'STUDENT',-999),(2,1237,'STUDENT',-1004),(2,1238,'STUDENT',-1002),(2,1239,'STUDENT',-1002),(2,1240,'STUDENT',-1003),(2,1241,'STUDENT',-1001),(2,1242,'STUDENT',-1001),(2,1243,'STUDENT',-999),(2,1244,'STUDENT',-999),(2,1245,'STUDENT',-999),(2,1246,'STUDENT',-1000),(2,1247,'STUDENT',-999),(2,1248,'STUDENT',-1000),(2,1249,'STUDENT',-999),(2,1250,'STUDENT',4),(2,1251,'STUDENT',-999),(2,1252,'STUDENT',-999),(2,1253,'STUDENT',-999),(2,1254,'STUDENT',-999),(2,1255,'STUDENT',-1003),(2,1256,'STUDENT',-1001),(2,1257,'STUDENT',-999),(2,1258,'STUDENT',-1003),(2,1259,'STUDENT',-999),(2,1260,'STUDENT',-999),(2,1261,'STUDENT',-999),(2,1262,'STUDENT',6),(2,1263,'STUDENT',4),(2,1264,'STUDENT',-1001),(2,1265,'STUDENT',-999),(2,1266,'STUDENT',-999),(2,1267,'STUDENT',-999),(2,1268,'STUDENT',-999),(2,1269,'STUDENT',-999),(2,1270,'STUDENT',-999),(2,1271,'STUDENT',-1001),(2,1272,'STUDENT',-999),(2,1273,'STUDENT',-999),(2,1274,'STUDENT',-999),(2,1275,'STUDENT',-999),(2,1276,'STUDENT',-1001),(2,1277,'STUDENT',-999),(2,1278,'STUDENT',-1000),(2,1279,'STUDENT',-1001),(2,1280,'STUDENT',-999),(2,1281,'STUDENT',-1000),(2,1282,'STUDENT',-1000),(2,1283,'STUDENT',-999),(2,1284,'STUDENT',9),(2,1285,'STUDENT',-1000),(2,1286,'STUDENT',-999),(2,1287,'STUDENT',-999),(2,1288,'STUDENT',-1000),(2,1289,'STUDENT',-1003),(2,1290,'STUDENT',-1000),(2,1291,'STUDENT',-1000),(2,1292,'STUDENT',-1002),(2,1293,'STUDENT',-999),(2,1294,'STUDENT',-999),(2,1295,'STUDENT',-999),(2,1296,'STUDENT',-999),(2,1297,'STUDENT',-1007),(2,1298,'STUDENT',-1000),(2,1299,'STUDENT',-1000),(2,1300,'STUDENT',-1004),(2,1301,'STUDENT',-1010),(2,1302,'STUDENT',-999),(2,1303,'STUDENT',-1000),(2,1304,'STUDENT',-1003),(2,1307,'STUDENT',-1000),(2,1308,'STUDENT',-1003),(2,1309,'STUDENT',-1008),(2,1310,'STUDENT',-999),(1,1313,'STUDENT',-1009),(1,1319,'STUDENT',-1007),(1,1324,'STUDENT',-1006),(2,1142,'STUDENT',-1000),(2,1331,'STUDENT',15),(2,1332,'STUDENT',-1007),(2,1117,'STUDENT',6),(2,1077,'STUDENT',-1000),(2,1077,'INSTRUCTOR',-1000),(2,1333,'STUDENT',-1001),(2,1333,'INSTRUCTOR',-1001),(2,1201,'INSTRUCTOR',5),(2,1334,'STUDENT',-1000),(2,1335,'STUDENT',-1000),(2,1335,'INSTRUCTOR',-1000),(1,1000,'INSTRUCTOR',-999),(2,1339,'STUDENT',10),(1,1296,'STUDENT',-1001),(1,1342,'STUDENT',-999),(2,1345,'STUDENT',-1001),(2,1368,'STUDENT',-999),(2,1364,'STUDENT',8),(2,1343,'STUDENT',-1000),(2,1380,'STUDENT',-999),(2,1387,'STUDENT',-999),(2,1397,'STUDENT',-1000),(2,1400,'STUDENT',-999),(2,1401,'STUDENT',-999),(2,1421,'STUDENT',-999),(2,1422,'STUDENT',-999),(2,1419,'STUDENT',-1000),(2,1423,'STUDENT',-999),(2,1424,'STUDENT',-999),(2,1427,'STUDENT',-999),(2,1425,'STUDENT',-999),(2,1390,'STUDENT',-1000),(2,1426,'STUDENT',-1000),(2,1433,'STUDENT',-1000),(2,1434,'STUDENT',-1000),(2,1391,'STUDENT',-999),(1,1142,'STUDENT',-999),(2,1443,'STUDENT',-999);
/*!40000 ALTER TABLE `personClass` ENABLE KEYS */;
UNLOCK TABLES;

--
-- Table structure for table `registration`
--

DROP TABLE IF EXISTS `registration`;
/*!40101 SET @saved_cs_client     = @@character_set_client */;
/*!40101 SET character_set_client = utf8 */;
CREATE TABLE `registration` (
  `classId` int(11) NOT NULL,
  `eventId` int(11) NOT NULL,
  `personId` int(11) NOT NULL,
  `status` varchar(255) NOT NULL,
  `lastUpdated` datetime DEFAULT CURRENT_TIMESTAMP ON UPDATE CURRENT_TIMESTAMP,
  KEY `fk_registration_classId` (`classId`),
  KEY `fk_registration_eventId` (`eventId`),
  KEY `fk_registration_personId` (`personId`),
  CONSTRAINT `fk_registration_classId` FOREIGN KEY (`classId`) REFERENCES `class` (`classId`),
  CONSTRAINT `fk_registration_eventId` FOREIGN KEY (`eventId`) REFERENCES `events` (`eventId`),
  CONSTRAINT `fk_registration_personId` FOREIGN KEY (`personId`) REFERENCES `person` (`personId`)
) ENGINE=InnoDB DEFAULT CHARSET=utf8;
/*!40101 SET character_set_client = @saved_cs_client */;

--
-- Dumping data for table `registration`
--

LOCK TABLES `registration` WRITE;
/*!40000 ALTER TABLE `registration` DISABLE KEYS */;
INSERT INTO `registration` VALUES (1,13,1077,'REGISTERED','2015-12-20 20:40:11'),(1,13,1077,'UNREGISTERED','2015-12-20 20:40:13'),(1,13,1077,'REGISTERED','2015-12-20 20:40:20'),(1,13,1077,'UNREGISTERED','2015-12-20 20:40:37'),(1,11,1076,'REGISTERED','2015-12-21 10:48:31'),(1,11,1076,'UNREGISTERED','2015-12-21 10:49:19'),(1,11,1000,'REGISTERED','2015-12-21 19:56:27'),(1,11,1000,'UNREGISTERED','2015-12-21 19:56:29'),(1,11,1000,'REGISTERED','2015-12-21 19:56:32'),(1,12,1000,'REGISTERED','2015-12-21 19:56:39'),(1,13,1000,'REGISTERED','2015-12-21 19:56:45'),(1,11,1000,'UNREGISTERED','2015-12-21 19:56:55'),(1,12,1000,'UNREGISTERED','2015-12-21 19:56:59'),(1,13,1000,'UNREGISTERED','2015-12-21 19:57:04'),(1,12,1000,'REGISTERED','2015-12-22 06:46:42'),(1,12,1000,'UNREGISTERED','2015-12-22 06:46:44'),(1,11,1076,'REGISTERED','2015-12-23 15:51:39'),(1,14,1076,'REGISTERED','2015-12-23 15:51:48'),(1,14,1076,'UNREGISTERED','2015-12-23 15:51:50'),(1,11,1076,'UNREGISTERED','2015-12-23 15:52:04'),(1,13,1047,'REGISTERED','2015-12-24 08:59:57'),(1,16,1047,'REGISTERED','2015-12-24 09:00:18'),(1,18,1047,'REGISTERED','2015-12-24 09:00:35'),(1,14,1052,'REGISTERED','2015-12-24 09:18:44'),(1,14,1052,'UNREGISTERED','2015-12-24 09:18:57'),(1,13,1052,'REGISTERED','2015-12-24 09:19:10'),(1,13,1052,'UNREGISTERED','2015-12-24 09:19:14'),(1,16,1052,'REGISTERED','2015-12-24 09:19:27'),(1,18,1052,'REGISTERED','2015-12-24 09:19:38'),(1,16,1067,'REGISTERED','2015-12-24 10:17:42'),(1,13,1067,'REGISTERED','2015-12-24 10:17:52'),(1,18,1067,'REGISTERED','2015-12-24 10:18:07'),(1,12,1016,'REGISTERED','2015-12-24 10:55:19'),(1,14,1016,'REGISTERED','2015-12-24 10:57:43'),(1,12,1068,'REGISTERED','2015-12-24 11:01:51'),(1,13,1068,'REGISTERED','2015-12-24 11:02:26'),(1,14,1068,'REGISTERED','2015-12-24 11:03:06'),(1,12,1021,'REGISTERED','2015-12-24 11:39:18'),(1,14,1021,'REGISTERED','2015-12-24 11:39:43'),(1,12,1081,'REGISTERED','2015-12-24 12:34:49'),(1,14,1081,'REGISTERED','2015-12-24 12:35:09'),(1,12,1121,'REGISTERED','2015-12-24 12:40:45'),(1,16,1121,'REGISTERED','2015-12-24 12:41:17'),(1,18,1041,'REGISTERED','2015-12-24 12:42:52'),(1,18,1087,'REGISTERED','2015-12-24 12:45:08'),(1,13,1049,'REGISTERED','2015-12-24 12:45:36'),(1,12,1049,'REGISTERED','2015-12-24 12:46:06'),(1,14,1049,'REGISTERED','2015-12-24 12:46:43'),(1,17,1049,'REGISTERED','2015-12-24 12:47:20'),(1,12,1107,'REGISTERED','2015-12-24 12:57:04'),(1,14,1107,'REGISTERED','2015-12-24 12:57:19'),(1,16,1107,'REGISTERED','2015-12-24 12:58:03'),(1,13,1026,'REGISTERED','2015-12-24 13:11:15'),(1,16,1026,'REGISTERED','2015-12-24 13:11:36'),(1,18,1026,'REGISTERED','2015-12-24 13:11:49'),(1,13,1084,'REGISTERED','2015-12-24 13:16:45'),(1,18,1084,'REGISTERED','2015-12-24 13:16:53'),(1,12,1049,'UNREGISTERED','2015-12-24 13:17:54'),(1,13,1082,'REGISTERED','2015-12-24 13:57:44'),(1,16,1082,'REGISTERED','2015-12-24 13:58:36'),(1,14,1082,'REGISTERED','2015-12-24 13:59:31'),(1,12,1117,'REGISTERED','2015-12-24 14:18:44'),(1,13,1076,'REGISTERED','2015-12-24 14:31:14'),(1,14,1076,'REGISTERED','2015-12-24 14:31:24'),(1,14,1076,'UNREGISTERED','2015-12-24 14:31:35'),(1,13,1076,'UNREGISTERED','2015-12-24 14:32:01'),(1,13,1117,'REGISTERED','2015-12-24 15:12:35'),(1,14,1117,'REGISTERED','2015-12-24 15:12:44'),(1,18,1117,'REGISTERED','2015-12-24 15:12:53'),(1,12,1013,'REGISTERED','2015-12-24 15:25:26'),(1,12,1013,'UNREGISTERED','2015-12-24 15:25:36'),(1,12,1013,'REGISTERED','2015-12-24 15:26:04'),(1,13,1013,'REGISTERED','2015-12-24 15:26:27'),(1,14,1013,'REGISTERED','2015-12-24 15:26:55'),(1,14,1013,'UNREGISTERED','2015-12-24 15:27:02'),(1,14,1013,'REGISTERED','2015-12-24 15:27:20'),(1,12,1126,'REGISTERED','2015-12-24 15:29:32'),(1,14,1126,'REGISTERED','2015-12-24 15:30:00'),(1,17,1126,'REGISTERED','2015-12-24 15:30:22'),(1,11,1080,'REGISTERED','2015-12-24 15:34:10'),(1,15,1080,'REGISTERED','2015-12-24 15:34:36'),(1,18,1080,'REGISTERED','2015-12-24 15:34:50'),(1,12,1113,'REGISTERED','2015-12-24 15:54:00'),(1,14,1113,'REGISTERED','2015-12-24 15:54:13'),(1,18,1113,'REGISTERED','2015-12-24 15:55:33'),(1,14,1044,'REGISTERED','2015-12-24 16:19:24'),(1,11,1044,'REGISTERED','2015-12-24 16:20:57'),(1,16,1037,'REGISTERED','2015-12-24 16:21:45'),(1,13,1037,'REGISTERED','2015-12-24 16:22:15'),(1,18,1037,'REGISTERED','2015-12-24 16:23:09'),(1,13,1134,'REGISTERED','2015-12-24 16:28:52'),(1,16,1134,'REGISTERED','2015-12-24 16:29:14'),(1,16,1087,'REGISTERED','2015-12-24 16:39:17'),(1,12,1082,'REGISTERED','2015-12-24 17:23:54'),(1,12,1124,'REGISTERED','2015-12-24 18:13:03'),(1,14,1124,'REGISTERED','2015-12-24 18:14:26'),(1,16,1124,'REGISTERED','2015-12-24 18:15:15'),(1,13,1120,'REGISTERED','2015-12-24 18:34:32'),(1,18,1120,'REGISTERED','2015-12-24 18:35:01'),(1,11,1012,'REGISTERED','2015-12-24 19:12:20'),(1,14,1012,'REGISTERED','2015-12-24 19:12:49'),(1,17,1012,'REGISTERED','2015-12-24 19:13:00'),(1,13,1051,'REGISTERED','2015-12-24 19:30:00'),(1,16,1051,'REGISTERED','2015-12-24 19:30:14'),(1,18,1051,'REGISTERED','2015-12-24 19:30:47'),(1,12,1023,'REGISTERED','2015-12-25 03:54:50'),(1,12,1023,'UNREGISTERED','2015-12-25 03:54:57'),(1,12,1023,'REGISTERED','2015-12-25 03:55:02'),(1,14,1023,'REGISTERED','2015-12-25 03:55:30'),(1,13,1054,'REGISTERED','2015-12-25 06:29:20'),(1,16,1054,'REGISTERED','2015-12-25 06:29:43'),(1,18,1054,'REGISTERED','2015-12-25 06:30:02'),(1,13,1122,'REGISTERED','2015-12-25 12:59:51'),(1,16,1122,'REGISTERED','2015-12-25 13:00:11'),(1,18,1122,'REGISTERED','2015-12-25 13:00:30'),(1,17,1017,'REGISTERED','2015-12-25 13:03:19'),(1,13,1017,'REGISTERED','2015-12-25 13:04:16'),(1,17,1000,'REGISTERED','2015-12-25 13:21:24'),(1,17,1000,'UNREGISTERED','2015-12-25 13:21:40'),(1,18,1130,'REGISTERED','2015-12-25 14:01:27'),(1,13,1130,'REGISTERED','2015-12-25 14:02:31'),(1,18,1058,'REGISTERED','2015-12-25 14:03:42'),(1,14,1000,'REGISTERED','2015-12-25 17:18:23'),(1,14,1000,'UNREGISTERED','2015-12-25 17:18:44'),(1,14,1000,'REGISTERED','2015-12-25 20:11:58'),(1,14,1000,'UNREGISTERED','2015-12-25 20:12:04'),(1,12,1036,'REGISTERED','2015-12-25 22:20:50'),(1,13,1036,'REGISTERED','2015-12-25 22:21:44'),(1,18,1036,'REGISTERED','2015-12-25 22:22:53'),(1,15,1019,'REGISTERED','2015-12-26 16:32:01'),(1,17,1019,'REGISTERED','2015-12-26 16:32:26'),(1,12,1031,'REGISTERED','2015-12-26 16:54:01'),(1,14,1031,'REGISTERED','2015-12-26 16:55:14'),(1,16,1017,'REGISTERED','2015-12-26 18:02:32'),(1,13,1043,'REGISTERED','2015-12-26 19:07:04'),(1,16,1043,'REGISTERED','2015-12-26 19:07:37'),(1,17,1043,'REGISTERED','2015-12-26 19:07:55'),(1,13,1036,'UNREGISTERED','2015-12-27 05:16:23'),(1,12,1076,'REGISTERED','2015-12-27 15:53:17'),(1,12,1123,'REGISTERED','2015-12-27 16:33:23'),(1,14,1123,'REGISTERED','2015-12-27 16:34:15'),(1,12,1123,'UNREGISTERED','2015-12-27 16:40:35'),(1,12,1123,'REGISTERED','2015-12-27 16:41:07'),(1,13,1042,'REGISTERED','2015-12-27 16:55:37'),(1,16,1042,'REGISTERED','2015-12-27 16:55:50'),(1,17,1042,'REGISTERED','2015-12-27 16:56:01'),(1,12,1075,'REGISTERED','2015-12-27 18:31:37'),(1,16,1075,'REGISTERED','2015-12-27 18:32:01'),(1,17,1159,'REGISTERED','2015-12-27 20:22:06'),(1,17,1159,'UNREGISTERED','2015-12-27 20:22:31'),(1,11,1159,'REGISTERED','2015-12-27 20:25:29'),(1,11,1159,'UNREGISTERED','2015-12-27 20:25:44'),(1,12,1127,'REGISTERED','2015-12-27 21:10:46'),(1,16,1127,'REGISTERED','2015-12-27 21:11:06'),(1,18,1127,'REGISTERED','2015-12-27 21:11:20'),(1,13,1131,'STANDBY','2015-12-28 06:03:36'),(1,16,1131,'STANDBY','2015-12-28 06:04:25'),(1,17,1131,'REGISTERED','2015-12-28 06:06:02'),(1,15,1029,'REGISTERED','2015-12-28 10:59:29'),(1,11,1029,'REGISTERED','2015-12-28 11:00:14'),(1,13,1000,'STANDBY','2015-12-28 19:31:29'),(1,16,1000,'STANDBY','2015-12-28 19:31:42'),(1,12,1000,'STANDBY','2015-12-28 19:41:09'),(1,18,1000,'STANDBY','2015-12-28 19:41:36'),(1,11,1064,'REGISTERED','2015-12-29 13:15:02'),(1,15,1064,'REGISTERED','2015-12-29 13:15:32'),(1,17,1064,'REGISTERED','2015-12-29 13:15:51'),(1,14,1074,'REGISTERED','2015-12-29 14:06:41'),(1,11,1062,'REGISTERED','2015-12-29 16:14:59'),(1,12,1062,'STANDBY','2015-12-29 16:15:10'),(1,13,1062,'STANDBY','2015-12-29 16:15:26'),(1,14,1062,'REGISTERED','2015-12-29 16:15:34'),(1,16,1062,'STANDBY','2015-12-29 16:15:44'),(1,15,1062,'REGISTERED','2015-12-29 16:15:50'),(1,18,1062,'STANDBY','2015-12-29 16:16:05'),(1,17,1062,'REGISTERED','2015-12-29 16:16:16'),(1,18,1062,'CANCEL_STANDBY','2015-12-29 16:16:28'),(1,18,1062,'STANDBY','2015-12-29 16:19:39'),(1,18,1062,'CANCEL_STANDBY','2015-12-29 16:19:41'),(1,18,1062,'STANDBY','2015-12-29 16:19:54'),(1,14,1000,'STANDBY','2015-12-29 21:50:58'),(1,16,1076,'STANDBY','2015-12-30 09:19:36'),(1,13,1076,'STANDBY','2015-12-30 09:19:45'),(1,15,1023,'REGISTERED','2015-12-30 16:00:14'),(1,15,1023,'UNREGISTERED','2015-12-30 16:00:19'),(1,16,1023,'STANDBY','2015-12-30 16:02:54'),(1,16,1023,'CANCEL_STANDBY','2015-12-30 16:02:57'),(1,13,1023,'STANDBY','2015-12-30 16:05:09'),(1,13,1023,'CANCEL_STANDBY','2015-12-30 16:05:13'),(1,13,1023,'STANDBY','2015-12-30 16:25:09'),(1,13,1023,'CANCEL_STANDBY','2015-12-30 16:25:16'),(1,13,1023,'STANDBY','2015-12-30 16:25:43'),(1,16,1023,'STANDBY','2015-12-30 16:28:34'),(1,16,1023,'CANCEL_STANDBY','2015-12-30 16:28:42'),(1,14,1066,'STANDBY','2015-12-30 16:40:06'),(1,14,1066,'CANCEL_STANDBY','2015-12-30 16:40:13'),(1,16,1122,'UNREGISTERED','2015-12-30 19:07:55'),(1,16,1062,'CANCEL_STANDBY','2015-12-30 19:14:42'),(1,16,1062,'REGISTERED','2015-12-30 19:14:44'),(1,13,1022,'STANDBY','2015-12-30 19:26:09'),(1,13,1022,'CANCEL_STANDBY','2015-12-30 19:26:27'),(1,13,1022,'STANDBY','2015-12-30 19:26:44'),(1,15,1022,'REGISTERED','2015-12-30 19:27:19'),(1,17,1022,'REGISTERED','2015-12-30 19:27:37'),(1,17,1123,'REGISTERED','2015-12-30 19:45:05'),(1,16,1068,'STANDBY','2015-12-31 09:34:56'),(1,11,1076,'REGISTERED','2015-12-31 14:14:26'),(1,11,1076,'UNREGISTERED','2015-12-31 14:14:50'),(1,11,1044,'UNREGISTERED','2015-12-31 19:53:13'),(1,16,1043,'UNREGISTERED','2016-01-01 04:22:19'),(1,15,1043,'REGISTERED','2016-01-01 04:22:36'),(1,11,1043,'REGISTERED','2016-01-01 04:24:37'),(1,13,1055,'STANDBY','2016-01-01 04:26:56'),(1,16,1055,'REGISTERED','2016-01-01 04:27:39'),(1,17,1055,'REGISTERED','2016-01-01 04:27:54'),(1,13,1129,'STANDBY','2016-01-01 04:38:32'),(1,16,1129,'STANDBY','2016-01-01 04:40:24'),(1,17,1129,'REGISTERED','2016-01-01 04:41:33'),(1,12,1071,'STANDBY','2016-01-01 07:48:59'),(1,18,1071,'STANDBY','2016-01-01 07:49:49'),(1,11,1071,'REGISTERED','2016-01-01 07:51:34'),(1,11,1071,'UNREGISTERED','2016-01-01 07:51:39'),(1,11,1193,'REGISTERED','2016-01-01 12:33:02'),(1,16,1188,'STANDBY','2016-01-01 12:33:32'),(1,18,1193,'STANDBY','2016-01-01 12:33:33'),(1,15,1000,'REGISTERED','2016-01-01 22:42:01'),(1,15,1000,'UNREGISTERED','2016-01-01 22:42:02'),(1,17,1000,'REGISTERED','2016-01-02 08:52:39'),(1,17,1000,'UNREGISTERED','2016-01-02 08:52:41'),(1,17,1057,'REGISTERED','2016-01-02 09:01:03'),(1,16,1195,'STANDBY','2016-01-02 09:25:43'),(1,11,1193,'UNREGISTERED','2016-01-02 13:28:33'),(1,15,1000,'REGISTERED','2016-01-02 19:35:41'),(1,15,1000,'UNREGISTERED','2016-01-02 19:35:48'),(1,15,1036,'REGISTERED','2016-01-02 21:30:48'),(1,11,1193,'REGISTERED','2016-01-03 05:15:14'),(1,12,1037,'STANDBY','2016-01-03 05:48:33'),(1,11,1083,'REGISTERED','2016-01-03 05:53:33'),(1,17,1083,'REGISTERED','2016-01-03 05:54:09'),(1,12,1123,'UNREGISTERED','2016-01-03 10:31:21'),(1,12,1062,'CANCEL_STANDBY','2016-01-03 10:58:22'),(1,12,1037,'CANCEL_STANDBY','2016-01-03 13:07:40'),(1,12,1037,'REGISTERED','2016-01-03 13:07:50'),(1,18,1154,'STANDBY','2016-01-03 14:31:02'),(1,18,1154,'CANCEL_STANDBY','2016-01-03 14:31:05'),(1,12,1076,'UNREGISTERED','2016-01-03 15:22:56'),(1,12,1037,'UNREGISTERED','2016-01-03 15:34:33'),(1,12,1031,'UNREGISTERED','2016-01-03 15:48:42'),(1,12,1021,'UNREGISTERED','2016-01-03 16:12:34'),(1,13,1082,'UNREGISTERED','2016-01-03 18:37:09'),(1,13,1062,'CANCEL_STANDBY','2016-01-03 18:49:40'),(1,13,1062,'REGISTERED','2016-01-03 18:50:10'),(1,18,1062,'CANCEL_STANDBY','2016-01-03 18:58:06'),(1,18,1062,'STANDBY','2016-01-03 18:58:26'),(1,13,1000,'CANCEL_STANDBY','2016-01-03 20:52:58'),(1,13,1000,'STANDBY','2016-01-03 20:53:07'),(1,15,1000,'REGISTERED','2016-01-03 20:53:49'),(1,15,1000,'UNREGISTERED','2016-01-03 20:54:10'),(1,13,1123,'STANDBY','2016-01-04 06:38:16'),(1,18,1036,'UNREGISTERED','2016-01-04 07:57:39'),(1,18,1062,'CANCEL_STANDBY','2016-01-04 08:00:37'),(1,17,1062,'UNREGISTERED','2016-01-04 08:01:04'),(1,18,1062,'REGISTERED','2016-01-04 08:01:27'),(1,13,1071,'STANDBY','2016-01-04 08:48:41'),(1,13,1134,'UNREGISTERED','2016-01-04 13:27:44'),(1,13,1123,'CANCEL_STANDBY','2016-01-04 13:29:05'),(1,13,1123,'REGISTERED','2016-01-04 13:29:26'),(1,13,1023,'CANCEL_STANDBY','2016-01-04 14:55:53'),(1,13,1023,'STANDBY','2016-01-04 14:56:01'),(1,13,1123,'UNREGISTERED','2016-01-04 16:22:05'),(1,18,1122,'UNREGISTERED','2016-01-04 16:28:36'),(1,13,1131,'CANCEL_STANDBY','2016-01-04 16:54:24'),(1,13,1131,'REGISTERED','2016-01-04 16:54:29'),(1,13,1129,'CANCEL_STANDBY','2016-01-04 17:26:26'),(1,13,1042,'UNREGISTERED','2016-01-04 17:27:27'),(1,13,1078,'REGISTERED','2016-01-04 17:41:18'),(1,13,1078,'UNREGISTERED','2016-01-04 17:41:43'),(1,14,1076,'STANDBY','2016-01-04 19:24:40'),(1,14,1076,'CANCEL_STANDBY','2016-01-04 19:24:52'),(1,16,1023,'STANDBY','2016-01-04 19:32:39'),(1,16,1023,'CANCEL_STANDBY','2016-01-04 19:32:47'),(1,14,1117,'UNREGISTERED','2016-01-05 05:46:15'),(1,16,1077,'STANDBY','2016-01-05 07:49:50'),(1,16,1077,'CANCEL_STANDBY','2016-01-05 07:49:56'),(1,14,1126,'UNREGISTERED','2016-01-05 12:09:51'),(1,17,1126,'UNREGISTERED','2016-01-05 12:10:40'),(1,14,1068,'UNREGISTERED','2016-01-05 12:50:56'),(1,14,1113,'UNREGISTERED','2016-01-05 15:11:37'),(1,15,1113,'REGISTERED','2016-01-05 15:12:17'),(1,14,1074,'UNREGISTERED','2016-01-05 16:04:37'),(1,15,1313,'REGISTERED','2016-01-05 20:57:41'),(1,17,1313,'REGISTERED','2016-01-05 20:58:01'),(1,15,1062,'UNREGISTERED','2016-01-05 22:47:36'),(1,15,1022,'UNREGISTERED','2016-01-06 04:58:42'),(1,15,1113,'UNREGISTERED','2016-01-06 05:14:45'),(1,16,1121,'UNREGISTERED','2016-01-06 05:20:07'),(1,16,1047,'UNREGISTERED','2016-01-06 08:53:31'),(1,16,1068,'CANCEL_STANDBY','2016-01-06 09:14:00'),(1,16,1124,'UNREGISTERED','2016-01-06 10:12:43'),(1,16,1188,'CANCEL_STANDBY','2016-01-06 12:17:08'),(1,16,1188,'REGISTERED','2016-01-06 12:17:10'),(1,16,1195,'CANCEL_STANDBY','2016-01-06 12:25:16'),(1,16,1195,'REGISTERED','2016-01-06 12:25:18'),(1,16,1076,'CANCEL_STANDBY','2016-01-06 13:49:30'),(1,16,1319,'REGISTERED','2016-01-06 14:02:49'),(1,16,1067,'UNREGISTERED','2016-01-06 15:09:58'),(1,16,1082,'UNREGISTERED','2016-01-06 15:20:28'),(1,16,1134,'UNREGISTERED','2016-01-06 15:22:23'),(1,16,1195,'UNREGISTERED','2016-01-06 15:38:34'),(1,16,1188,'UNREGISTERED','2016-01-06 15:42:28'),(1,18,1071,'CANCEL_STANDBY','2016-01-06 15:55:57'),(1,18,1071,'REGISTERED','2016-01-06 15:56:02'),(1,16,1055,'UNREGISTERED','2016-01-06 16:46:04'),(1,16,1129,'CANCEL_STANDBY','2016-01-06 16:47:14'),(1,16,1129,'REGISTERED','2016-01-06 16:47:56'),(1,16,1131,'CANCEL_STANDBY','2016-01-06 17:45:50'),(1,18,1058,'UNREGISTERED','2016-01-07 04:59:13'),(1,18,1193,'CANCEL_STANDBY','2016-01-07 05:02:13'),(1,18,1193,'REGISTERED','2016-01-07 05:02:19'),(1,18,1131,'STANDBY','2016-01-07 08:40:32'),(1,17,1131,'UNREGISTERED','2016-01-07 08:40:49'),(1,17,1037,'REGISTERED','2016-01-07 13:54:50'),(1,18,1037,'UNREGISTERED','2016-01-07 13:55:04'),(1,18,1131,'CANCEL_STANDBY','2016-01-07 14:09:45'),(1,18,1131,'REGISTERED','2016-01-07 14:10:02'),(1,36,1000,'REGISTERED','2016-01-07 14:26:06'),(1,36,1000,'UNREGISTERED','2016-01-07 14:26:07'),(1,34,1049,'REGISTERED','2016-01-07 14:36:33'),(1,35,1122,'REGISTERED','2016-01-07 14:36:49'),(1,18,1122,'STANDBY','2016-01-07 14:37:31'),(1,35,1049,'REGISTERED','2016-01-07 14:38:06'),(1,36,1049,'REGISTERED','2016-01-07 14:38:20'),(1,39,1049,'REGISTERED','2016-01-07 14:38:51'),(1,34,1087,'REGISTERED','2016-01-07 14:38:52'),(1,36,1087,'REGISTERED','2016-01-07 14:39:05'),(1,38,1087,'REGISTERED','2016-01-07 14:39:20'),(1,39,1087,'REGISTERED','2016-01-07 14:42:19'),(1,33,1080,'REGISTERED','2016-01-07 14:51:22'),(1,40,1080,'REGISTERED','2016-01-07 14:51:46'),(1,37,1080,'REGISTERED','2016-01-07 14:52:02'),(1,34,1117,'REGISTERED','2016-01-07 15:00:26'),(1,40,1041,'REGISTERED','2016-01-07 15:00:28'),(1,35,1117,'REGISTERED','2016-01-07 15:00:37'),(1,36,1117,'REGISTERED','2016-01-07 15:00:47'),(1,35,1037,'REGISTERED','2016-01-07 15:00:48'),(1,40,1117,'REGISTERED','2016-01-07 15:00:57'),(1,34,1013,'REGISTERED','2016-01-07 15:01:02'),(1,40,1037,'REGISTERED','2016-01-07 15:01:14'),(1,35,1013,'REGISTERED','2016-01-07 15:01:18'),(1,38,1319,'REGISTERED','2016-01-07 15:01:22'),(1,36,1013,'REGISTERED','2016-01-07 15:01:31'),(1,35,1319,'REGISTERED','2016-01-07 15:01:32'),(1,34,1068,'REGISTERED','2016-01-07 15:02:04'),(1,34,1037,'REGISTERED','2016-01-07 15:02:19'),(1,38,1068,'REGISTERED','2016-01-07 15:02:38'),(1,36,1068,'REGISTERED','2016-01-07 15:02:51'),(1,38,1047,'REGISTERED','2016-01-07 15:03:00'),(1,40,1047,'REGISTERED','2016-01-07 15:03:12'),(1,35,1047,'REGISTERED','2016-01-07 15:03:33'),(1,36,1012,'REGISTERED','2016-01-07 15:06:47'),(1,33,1012,'REGISTERED','2016-01-07 15:07:07'),(1,39,1012,'REGISTERED','2016-01-07 15:07:19'),(1,34,1023,'REGISTERED','2016-01-07 15:16:21'),(1,35,1023,'REGISTERED','2016-01-07 15:17:09'),(1,35,1134,'REGISTERED','2016-01-07 15:17:16'),(1,36,1023,'REGISTERED','2016-01-07 15:17:28'),(1,38,1023,'REGISTERED','2016-01-07 15:17:51'),(1,35,1134,'UNREGISTERED','2016-01-07 15:18:52'),(1,38,1134,'REGISTERED','2016-01-07 15:19:48'),(1,38,1134,'UNREGISTERED','2016-01-07 15:19:50'),(1,35,1134,'REGISTERED','2016-01-07 15:20:43'),(1,35,1134,'UNREGISTERED','2016-01-07 15:20:50'),(1,35,1134,'REGISTERED','2016-01-07 15:20:53'),(1,35,1134,'UNREGISTERED','2016-01-07 15:20:59'),(1,35,1134,'REGISTERED','2016-01-07 15:21:02'),(1,40,1134,'REGISTERED','2016-01-07 15:21:39'),(1,35,1043,'REGISTERED','2016-01-07 15:30:08'),(1,37,1121,'REGISTERED','2016-01-07 15:30:46'),(1,39,1043,'REGISTERED','2016-01-07 15:31:01'),(1,37,1043,'REGISTERED','2016-01-07 15:31:24'),(1,34,1121,'REGISTERED','2016-01-07 15:31:30'),(1,34,1121,'UNREGISTERED','2016-01-07 15:31:33'),(1,33,1043,'REGISTERED','2016-01-07 15:31:35'),(1,33,1121,'REGISTERED','2016-01-07 15:31:48'),(1,35,1051,'REGISTERED','2016-01-07 15:32:11'),(1,38,1051,'REGISTERED','2016-01-07 15:32:19'),(1,40,1051,'REGISTERED','2016-01-07 15:32:28'),(1,35,1017,'REGISTERED','2016-01-07 15:33:06'),(1,39,1017,'REGISTERED','2016-01-07 15:33:28'),(1,34,1071,'REGISTERED','2016-01-07 15:38:54'),(1,33,1193,'REGISTERED','2016-01-07 15:39:10'),(1,36,1193,'REGISTERED','2016-01-07 15:39:46'),(1,40,1193,'REGISTERED','2016-01-07 15:40:11'),(1,35,1067,'REGISTERED','2016-01-07 15:40:21'),(1,38,1067,'REGISTERED','2016-01-07 15:40:37'),(1,40,1067,'REGISTERED','2016-01-07 15:40:46'),(1,35,1084,'REGISTERED','2016-01-07 15:43:49'),(1,40,1084,'REGISTERED','2016-01-07 15:43:59'),(1,34,1062,'REGISTERED','2016-01-07 15:44:24'),(1,33,1062,'REGISTERED','2016-01-07 15:44:35'),(1,35,1062,'REGISTERED','2016-01-07 15:44:49'),(1,36,1062,'REGISTERED','2016-01-07 15:47:17'),(1,38,1062,'REGISTERED','2016-01-07 15:47:29'),(1,37,1062,'REGISTERED','2016-01-07 15:47:35'),(1,40,1062,'REGISTERED','2016-01-07 15:47:45'),(1,34,1124,'REGISTERED','2016-01-07 15:50:30'),(1,36,1124,'REGISTERED','2016-01-07 15:51:05'),(1,35,1054,'REGISTERED','2016-01-07 15:51:32'),(1,38,1124,'REGISTERED','2016-01-07 15:51:37'),(1,38,1054,'REGISTERED','2016-01-07 15:51:48'),(1,40,1054,'REGISTERED','2016-01-07 15:52:11'),(1,35,1123,'REGISTERED','2016-01-07 15:57:58'),(1,36,1123,'REGISTERED','2016-01-07 15:58:35'),(1,35,1129,'REGISTERED','2016-01-07 16:06:25'),(1,38,1129,'REGISTERED','2016-01-07 16:07:03'),(1,39,1129,'REGISTERED','2016-01-07 16:07:21'),(1,36,1126,'REGISTERED','2016-01-07 16:10:42'),(1,39,1126,'REGISTERED','2016-01-07 16:11:53'),(1,34,1107,'REGISTERED','2016-01-07 16:26:55'),(1,36,1107,'REGISTERED','2016-01-07 16:27:10'),(1,38,1107,'REGISTERED','2016-01-07 16:27:28'),(1,35,1313,'REGISTERED','2016-01-07 16:44:14'),(1,37,1313,'REGISTERED','2016-01-07 16:44:54'),(1,39,1313,'REGISTERED','2016-01-07 16:45:38'),(1,35,1026,'STANDBY','2016-01-07 16:47:11'),(1,38,1026,'REGISTERED','2016-01-07 16:47:27'),(1,40,1026,'REGISTERED','2016-01-07 16:47:38'),(1,17,1022,'UNREGISTERED','2016-01-07 16:51:17'),(1,34,1031,'REGISTERED','2016-01-07 16:59:09'),(1,36,1031,'REGISTERED','2016-01-07 16:59:26'),(1,33,1019,'REGISTERED','2016-01-07 17:01:33'),(1,37,1019,'REGISTERED','2016-01-07 17:01:50'),(1,39,1019,'REGISTERED','2016-01-07 17:02:03'),(1,34,1016,'REGISTERED','2016-01-07 17:22:06'),(1,36,1016,'REGISTERED','2016-01-07 17:22:35'),(1,34,1081,'REGISTERED','2016-01-07 17:33:31'),(1,36,1081,'REGISTERED','2016-01-07 17:33:43'),(1,34,1113,'REGISTERED','2016-01-07 17:34:20'),(1,36,1113,'REGISTERED','2016-01-07 17:34:29'),(1,38,1113,'REGISTERED','2016-01-07 17:34:37'),(1,40,1113,'REGISTERED','2016-01-07 17:34:44'),(1,35,1055,'STANDBY','2016-01-07 17:45:59'),(1,36,1055,'REGISTERED','2016-01-07 17:46:18'),(1,38,1055,'REGISTERED','2016-01-07 17:46:40'),(1,39,1055,'REGISTERED','2016-01-07 17:47:00'),(1,33,1064,'REGISTERED','2016-01-07 18:05:11'),(1,37,1064,'REGISTERED','2016-01-07 18:05:33'),(1,39,1064,'REGISTERED','2016-01-07 18:05:50'),(1,18,1324,'STANDBY','2016-01-07 18:23:55'),(1,35,1052,'STANDBY','2016-01-07 19:48:19'),(1,38,1052,'REGISTERED','2016-01-07 19:48:30'),(1,34,1052,'REGISTERED','2016-01-07 19:49:09'),(1,35,1052,'CANCEL_STANDBY','2016-01-07 19:49:18'),(1,17,1123,'UNREGISTERED','2016-01-07 20:34:20'),(1,33,1029,'REGISTERED','2016-01-07 20:48:19'),(1,38,1131,'REGISTERED','2016-01-07 20:56:09'),(1,35,1131,'STANDBY','2016-01-07 20:56:46'),(1,39,1131,'REGISTERED','2016-01-07 20:57:17'),(1,33,1044,'REGISTERED','2016-01-07 22:16:38'),(1,36,1044,'REGISTERED','2016-01-07 22:17:08'),(1,35,1042,'STANDBY','2016-01-07 22:20:15'),(1,38,1042,'REGISTERED','2016-01-07 22:20:29'),(1,39,1042,'REGISTERED','2016-01-07 22:20:40'),(1,17,1049,'UNREGISTERED','2016-01-07 22:50:26'),(1,34,1075,'REGISTERED','2016-01-08 00:01:24'),(1,38,1075,'REGISTERED','2016-01-08 00:02:00'),(1,17,1117,'REGISTERED','2016-01-08 03:54:38'),(1,36,1074,'STANDBY','2016-01-08 04:03:08'),(1,39,1074,'REGISTERED','2016-01-08 04:03:35'),(1,18,1117,'UNREGISTERED','2016-01-08 04:39:36'),(1,17,1047,'REGISTERED','2016-01-08 04:56:43'),(1,18,1047,'UNREGISTERED','2016-01-08 04:56:51'),(1,18,1122,'CANCEL_STANDBY','2016-01-08 05:29:27'),(1,18,1122,'REGISTERED','2016-01-08 05:29:31'),(1,18,1113,'UNREGISTERED','2016-01-08 06:03:10'),(1,18,1324,'CANCEL_STANDBY','2016-01-08 06:06:19'),(1,18,1324,'REGISTERED','2016-01-08 06:06:25'),(1,18,1324,'UNREGISTERED','2016-01-08 06:06:26'),(1,34,1127,'STANDBY','2016-01-08 06:29:12'),(1,40,1127,'REGISTERED','2016-01-08 06:29:36'),(1,38,1120,'STANDBY','2016-01-08 07:52:50'),(1,36,1120,'STANDBY','2016-01-08 07:53:13'),(1,34,1120,'STANDBY','2016-01-08 08:06:29'),(1,35,1136,'STANDBY','2016-01-08 08:14:31'),(1,38,1136,'STANDBY','2016-01-08 08:14:54'),(1,40,1136,'REGISTERED','2016-01-08 08:15:19'),(1,36,1036,'STANDBY','2016-01-08 09:01:35'),(1,38,1036,'STANDBY','2016-01-08 09:01:47'),(1,34,1036,'STANDBY','2016-01-08 09:04:00'),(1,34,1021,'STANDBY','2016-01-08 09:06:29'),(1,36,1021,'STANDBY','2016-01-08 09:07:03'),(1,34,1082,'STANDBY','2016-01-08 09:17:23'),(1,33,1082,'REGISTERED','2016-01-08 09:17:40'),(1,33,1082,'UNREGISTERED','2016-01-08 09:19:43'),(1,36,1082,'STANDBY','2016-01-08 09:21:23'),(1,38,1082,'STANDBY','2016-01-08 09:21:37'),(1,39,1083,'REGISTERED','2016-01-08 09:48:31'),(1,35,1120,'STANDBY','2016-01-08 13:17:48'),(1,40,1122,'REGISTERED','2016-01-09 12:03:48'),(1,33,1127,'REGISTERED','2016-01-09 16:57:08'),(1,34,1127,'CANCEL_STANDBY','2016-01-09 16:57:24'),(1,34,1000,'STANDBY','2016-01-09 17:47:50'),(1,35,1000,'STANDBY','2016-01-09 17:48:14'),(1,36,1000,'STANDBY','2016-01-09 17:48:21'),(1,38,1000,'STANDBY','2016-01-09 17:48:29'),(1,39,1000,'REGISTERED','2016-01-09 17:48:55'),(1,39,1000,'UNREGISTERED','2016-01-09 17:48:57'),(1,37,1068,'REGISTERED','2016-01-09 17:54:57'),(1,37,1068,'UNREGISTERED','2016-01-09 17:57:03'),(1,35,1068,'STANDBY','2016-01-09 17:57:21'),(1,35,1068,'CANCEL_STANDBY','2016-01-09 17:58:11'),(1,38,1037,'STANDBY','2016-01-09 19:18:18'),(1,38,1055,'UNREGISTERED','2016-01-10 05:14:24'),(1,38,1037,'CANCEL_STANDBY','2016-01-10 05:16:16'),(1,38,1037,'REGISTERED','2016-01-10 05:16:18'),(1,33,1080,'UNREGISTERED','2016-01-10 05:28:44'),(1,40,1130,'REGISTERED','2016-01-10 09:00:43'),(1,40,1058,'REGISTERED','2016-01-10 09:02:36'),(1,37,1058,'REGISTERED','2016-01-10 09:03:30'),(1,36,1123,'UNREGISTERED','2016-01-10 09:11:49'),(1,36,1123,'REGISTERED','2016-01-10 09:11:52'),(1,39,1123,'REGISTERED','2016-01-10 09:13:09'),(1,34,1076,'STANDBY','2016-01-10 09:33:44'),(1,36,1076,'STANDBY','2016-01-10 09:34:56'),(1,39,1057,'REGISTERED','2016-01-10 09:58:00'),(1,34,1062,'UNREGISTERED','2016-01-10 11:48:35'),(1,34,1076,'CANCEL_STANDBY','2016-01-10 11:50:13'),(1,34,1021,'CANCEL_STANDBY','2016-01-10 11:50:15'),(1,34,1021,'REGISTERED','2016-01-10 11:50:20'),(1,34,1076,'STANDBY','2016-01-10 11:50:22'),(1,34,1076,'CANCEL_STANDBY','2016-01-10 11:52:25'),(1,34,1068,'UNREGISTERED','2016-01-10 13:00:30'),(1,34,1076,'REGISTERED','2016-01-10 13:19:18'),(1,34,1076,'UNREGISTERED','2016-01-10 13:20:17'),(1,34,1082,'CANCEL_STANDBY','2016-01-10 13:20:17'),(1,34,1082,'REGISTERED','2016-01-10 13:20:23'),(1,34,1037,'UNREGISTERED','2016-01-10 13:53:52'),(1,34,1049,'UNREGISTERED','2016-01-10 14:12:35'),(1,34,1107,'UNREGISTERED','2016-01-10 15:42:00'),(1,34,1031,'UNREGISTERED','2016-01-10 16:03:39'),(1,34,1082,'UNREGISTERED','2016-01-10 16:09:56'),(1,34,1036,'CANCEL_STANDBY','2016-01-10 16:30:50'),(1,34,1036,'REGISTERED','2016-01-10 16:30:53'),(1,34,1013,'UNREGISTERED','2016-01-10 17:09:46'),(1,35,1193,'STANDBY','2016-01-10 19:12:16'),(1,38,1117,'STANDBY','2016-01-10 20:18:59'),(1,35,1120,'CANCEL_STANDBY','2016-01-10 20:38:25'),(1,35,1324,'STANDBY','2016-01-11 06:07:30'),(1,36,1324,'STANDBY','2016-01-11 06:08:07'),(1,37,1324,'REGISTERED','2016-01-11 06:08:37'),(1,40,1324,'STANDBY','2016-01-11 06:09:01'),(1,35,1113,'STANDBY','2016-01-11 10:37:51'),(1,35,1076,'STANDBY','2016-01-11 12:57:58'),(1,35,1120,'STANDBY','2016-01-11 13:03:07'),(1,35,1051,'UNREGISTERED','2016-01-11 13:19:37'),(1,35,1131,'CANCEL_STANDBY','2016-01-11 13:21:25'),(1,35,1131,'REGISTERED','2016-01-11 13:21:39'),(1,36,1066,'STANDBY','2016-01-11 15:40:14'),(1,35,1123,'UNREGISTERED','2016-01-11 15:59:41'),(1,35,1042,'CANCEL_STANDBY','2016-01-11 16:01:17'),(1,35,1042,'REGISTERED','2016-01-11 16:01:19'),(1,36,1076,'CANCEL_STANDBY','2016-01-11 18:10:50'),(1,37,1062,'UNREGISTERED','2016-01-11 20:12:54'),(1,36,1124,'UNREGISTERED','2016-01-12 07:13:14'),(1,38,1124,'UNREGISTERED','2016-01-12 07:14:41'),(1,36,1021,'CANCEL_STANDBY','2016-01-12 07:16:34'),(1,36,1021,'REGISTERED','2016-01-12 07:16:54'),(1,36,1074,'CANCEL_STANDBY','2016-01-12 08:56:34'),(1,38,1036,'CANCEL_STANDBY','2016-01-12 10:18:41'),(1,38,1036,'REGISTERED','2016-01-12 10:18:44'),(1,37,1121,'UNREGISTERED','2016-01-12 11:18:04'),(1,38,1121,'STANDBY','2016-01-12 11:18:16'),(1,36,1107,'UNREGISTERED','2016-01-12 13:36:28'),(1,37,1126,'REGISTERED','2016-01-12 14:29:55'),(1,37,1126,'UNREGISTERED','2016-01-12 14:30:17'),(1,36,1193,'UNREGISTERED','2016-01-12 14:38:44'),(1,36,1066,'CANCEL_STANDBY','2016-01-12 14:40:57'),(1,36,1066,'REGISTERED','2016-01-12 14:40:59'),(1,36,1120,'CANCEL_STANDBY','2016-01-12 15:15:32'),(1,36,1120,'REGISTERED','2016-01-12 15:15:35'),(1,36,1023,'UNREGISTERED','2016-01-12 15:21:28'),(1,36,1031,'UNREGISTERED','2016-01-12 15:26:06'),(1,36,1036,'CANCEL_STANDBY','2016-01-12 15:29:44'),(1,36,1036,'REGISTERED','2016-01-12 15:29:47'),(1,36,1047,'REGISTERED','2016-01-12 15:30:57'),(1,36,1047,'UNREGISTERED','2016-01-12 15:31:01'),(1,39,1047,'REGISTERED','2016-01-12 15:31:29'),(1,40,1047,'UNREGISTERED','2016-01-12 15:31:37'),(1,36,1082,'CANCEL_STANDBY','2016-01-12 15:37:59'),(1,36,1082,'REGISTERED','2016-01-12 15:38:22'),(1,38,1036,'UNREGISTERED','2016-01-12 15:50:52'),(1,36,1062,'UNREGISTERED','2016-01-12 16:07:59'),(1,36,1324,'CANCEL_STANDBY','2016-01-12 16:16:20'),(1,36,1324,'REGISTERED','2016-01-12 16:16:23'),(1,36,1113,'UNREGISTERED','2016-01-12 16:47:21'),(1,38,1117,'CANCEL_STANDBY','2016-01-12 16:47:36'),(1,40,1117,'UNREGISTERED','2016-01-12 16:48:08'),(1,38,1067,'UNREGISTERED','2016-01-12 17:05:08'),(1,38,1026,'UNREGISTERED','2016-01-12 18:18:01'),(1,38,1120,'CANCEL_STANDBY','2016-01-12 18:51:27'),(1,38,1082,'CANCEL_STANDBY','2016-01-12 20:09:58'),(1,38,1082,'REGISTERED','2016-01-12 20:10:01'),(1,40,1075,'REGISTERED','2016-01-13 13:08:41'),(1,38,1075,'UNREGISTERED','2016-01-13 13:09:00'),(1,39,1037,'REGISTERED','2016-01-13 13:12:11'),(1,38,1000,'CANCEL_STANDBY','2016-01-13 13:17:28'),(1,38,1000,'REGISTERED','2016-01-13 13:17:29'),(1,38,1000,'UNREGISTERED','2016-01-13 13:17:31'),(1,38,1121,'CANCEL_STANDBY','2016-01-13 13:37:27'),(1,38,1121,'REGISTERED','2016-01-13 13:37:36'),(1,38,1107,'UNREGISTERED','2016-01-13 13:52:39'),(1,38,1068,'UNREGISTERED','2016-01-13 14:19:21'),(1,40,1324,'CANCEL_STANDBY','2016-01-13 14:20:01'),(1,40,1324,'REGISTERED','2016-01-13 17:01:08'),(1,38,1042,'UNREGISTERED','2016-01-13 17:25:24'),(1,39,1000,'STANDBY','2016-01-13 19:59:38'),(1,39,1000,'CANCEL_STANDBY','2016-01-13 19:59:40'),(1,39,1000,'STANDBY','2016-01-13 19:59:54'),(1,40,1000,'STANDBY','2016-01-13 20:00:05'),(1,39,1019,'UNREGISTERED','2016-01-14 05:36:44'),(1,39,1074,'UNREGISTERED','2016-01-14 14:19:58'),(1,39,1019,'REGISTERED','2016-01-14 14:57:55'),(1,42,1013,'REGISTERED','2016-01-14 15:07:53'),(1,44,1013,'REGISTERED','2016-01-14 15:08:04'),(1,43,1026,'REGISTERED','2016-01-14 15:08:06'),(1,46,1026,'REGISTERED','2016-01-14 15:08:23'),(1,48,1026,'REGISTERED','2016-01-14 15:08:39'),(1,41,1019,'REGISTERED','2016-01-14 15:09:47'),(1,44,1000,'REGISTERED','2016-01-14 15:10:02'),(1,44,1000,'UNREGISTERED','2016-01-14 15:10:03'),(1,45,1019,'REGISTERED','2016-01-14 15:10:15'),(1,47,1019,'REGISTERED','2016-01-14 15:10:32'),(1,43,1047,'REGISTERED','2016-01-14 15:10:35'),(1,46,1047,'REGISTERED','2016-01-14 15:10:46'),(1,48,1047,'REGISTERED','2016-01-14 15:10:56'),(1,43,1037,'REGISTERED','2016-01-14 15:11:59'),(1,46,1037,'REGISTERED','2016-01-14 15:12:16'),(1,42,1107,'REGISTERED','2016-01-14 15:12:28'),(1,48,1037,'REGISTERED','2016-01-14 15:12:35'),(1,44,1107,'REGISTERED','2016-01-14 15:12:41'),(1,47,1037,'REGISTERED','2016-01-14 15:12:43'),(1,46,1107,'REGISTERED','2016-01-14 15:12:52'),(1,43,1134,'REGISTERED','2016-01-14 15:12:56'),(1,46,1134,'REGISTERED','2016-01-14 15:13:25'),(1,43,1051,'REGISTERED','2016-01-14 15:14:01'),(1,46,1051,'REGISTERED','2016-01-14 15:14:12'),(1,48,1051,'REGISTERED','2016-01-14 15:14:21'),(1,48,1134,'REGISTERED','2016-01-14 15:14:46'),(1,42,1126,'REGISTERED','2016-01-14 15:16:36'),(1,47,1126,'REGISTERED','2016-01-14 15:17:15'),(1,48,1041,'REGISTERED','2016-01-14 15:20:22'),(1,43,1084,'REGISTERED','2016-01-14 15:20:53'),(1,48,1084,'REGISTERED','2016-01-14 15:21:07'),(1,43,1087,'REGISTERED','2016-01-14 15:21:52'),(1,42,1087,'REGISTERED','2016-01-14 15:22:04'),(1,46,1087,'REGISTERED','2016-01-14 15:22:22'),(1,43,1054,'REGISTERED','2016-01-14 15:25:55'),(1,46,1054,'REGISTERED','2016-01-14 15:26:10'),(1,48,1054,'REGISTERED','2016-01-14 15:26:27'),(1,42,1068,'REGISTERED','2016-01-14 15:27:34'),(1,43,1068,'REGISTERED','2016-01-14 15:27:46'),(1,44,1068,'REGISTERED','2016-01-14 15:27:58'),(1,46,1068,'REGISTERED','2016-01-14 15:28:08'),(1,43,1052,'REGISTERED','2016-01-14 15:33:09'),(1,46,1052,'REGISTERED','2016-01-14 15:33:19'),(1,44,1012,'REGISTERED','2016-01-14 15:36:34'),(1,40,1075,'UNREGISTERED','2016-01-14 15:36:46'),(1,41,1012,'REGISTERED','2016-01-14 15:36:47'),(1,47,1012,'REGISTERED','2016-01-14 15:37:02'),(1,42,1075,'REGISTERED','2016-01-14 15:37:03'),(1,46,1075,'REGISTERED','2016-01-14 15:37:18'),(1,42,1016,'REGISTERED','2016-01-14 15:37:55'),(1,42,1052,'REGISTERED','2016-01-14 15:38:04'),(1,44,1016,'REGISTERED','2016-01-14 15:38:34'),(1,39,1057,'UNREGISTERED','2016-01-14 15:42:54'),(1,47,1057,'REGISTERED','2016-01-14 15:43:18'),(1,42,1049,'REGISTERED','2016-01-14 15:57:49'),(1,43,1049,'REGISTERED','2016-01-14 15:58:05'),(1,41,1121,'REGISTERED','2016-01-14 15:58:10'),(1,44,1049,'REGISTERED','2016-01-14 15:58:16'),(1,45,1121,'REGISTERED','2016-01-14 15:58:34'),(1,43,1127,'REGISTERED','2016-01-14 15:58:34'),(1,47,1049,'REGISTERED','2016-01-14 15:58:43'),(1,42,1023,'REGISTERED','2016-01-14 15:58:55'),(1,46,1127,'REGISTERED','2016-01-14 15:59:05'),(1,48,1127,'REGISTERED','2016-01-14 15:59:21'),(1,43,1127,'UNREGISTERED','2016-01-14 15:59:33'),(1,43,1023,'REGISTERED','2016-01-14 15:59:33'),(1,44,1044,'REGISTERED','2016-01-14 15:59:44'),(1,42,1127,'REGISTERED','2016-01-14 15:59:45'),(1,44,1023,'REGISTERED','2016-01-14 15:59:59'),(1,46,1023,'REGISTERED','2016-01-14 16:00:13'),(1,42,1021,'REGISTERED','2016-01-14 16:00:35'),(1,43,1067,'REGISTERED','2016-01-14 16:01:27'),(1,41,1044,'REGISTERED','2016-01-14 16:01:33'),(1,46,1067,'REGISTERED','2016-01-14 16:01:39'),(1,48,1067,'REGISTERED','2016-01-14 16:01:54'),(1,41,1193,'REGISTERED','2016-01-14 16:03:19'),(1,43,1193,'REGISTERED','2016-01-14 16:03:36'),(1,43,1122,'REGISTERED','2016-01-14 16:03:39'),(1,48,1193,'REGISTERED','2016-01-14 16:04:00'),(1,43,1017,'REGISTERED','2016-01-14 16:04:02'),(1,47,1017,'REGISTERED','2016-01-14 16:04:26'),(1,43,1043,'REGISTERED','2016-01-14 16:04:31'),(1,46,1122,'REGISTERED','2016-01-14 16:04:39'),(1,44,1193,'REGISTERED','2016-01-14 16:05:03'),(1,45,1043,'REGISTERED','2016-01-14 16:05:07'),(1,45,1043,'UNREGISTERED','2016-01-14 16:05:16'),(1,43,1193,'UNREGISTERED','2016-01-14 16:05:16'),(1,45,1043,'REGISTERED','2016-01-14 16:05:21'),(1,47,1043,'REGISTERED','2016-01-14 16:05:35'),(1,41,1064,'REGISTERED','2016-01-14 16:06:07'),(1,45,1064,'REGISTERED','2016-01-14 16:06:30'),(1,47,1064,'REGISTERED','2016-01-14 16:06:44'),(1,42,1117,'REGISTERED','2016-01-14 16:07:18'),(1,43,1117,'REGISTERED','2016-01-14 16:07:29'),(1,44,1117,'REGISTERED','2016-01-14 16:07:39'),(1,48,1117,'REGISTERED','2016-01-14 16:07:51'),(1,44,1036,'REGISTERED','2016-01-14 16:08:18'),(1,46,1036,'REGISTERED','2016-01-14 16:09:46'),(1,42,1123,'REGISTERED','2016-01-14 16:10:02'),(1,44,1123,'REGISTERED','2016-01-14 16:10:18'),(1,47,1123,'REGISTERED','2016-01-14 16:11:11'),(1,43,1319,'REGISTERED','2016-01-14 16:15:03'),(1,46,1319,'REGISTERED','2016-01-14 16:15:12'),(1,48,1080,'REGISTERED','2016-01-14 16:16:09'),(1,41,1080,'REGISTERED','2016-01-14 16:16:30'),(1,45,1080,'REGISTERED','2016-01-14 16:16:43'),(1,42,1120,'REGISTERED','2016-01-14 16:20:14'),(1,46,1120,'REGISTERED','2016-01-14 16:20:31'),(1,42,1120,'UNREGISTERED','2016-01-14 16:20:43'),(1,42,1082,'REGISTERED','2016-01-14 16:20:47'),(1,43,1120,'REGISTERED','2016-01-14 16:20:50'),(1,44,1082,'REGISTERED','2016-01-14 16:20:56'),(1,48,1120,'REGISTERED','2016-01-14 16:21:01'),(1,46,1082,'REGISTERED','2016-01-14 16:21:13'),(1,43,1082,'STANDBY','2016-01-14 16:21:28'),(1,44,1082,'UNREGISTERED','2016-01-14 16:23:06'),(1,42,1071,'REGISTERED','2016-01-14 16:30:35'),(1,43,1055,'STANDBY','2016-01-14 16:31:06'),(1,44,1055,'REGISTERED','2016-01-14 16:31:19'),(1,42,1055,'REGISTERED','2016-01-14 16:31:47'),(1,42,1031,'REGISTERED','2016-01-14 16:36:43'),(1,44,1031,'REGISTERED','2016-01-14 16:37:02'),(1,41,1062,'REGISTERED','2016-01-14 16:57:49'),(1,42,1062,'REGISTERED','2016-01-14 16:57:55'),(1,43,1129,'STANDBY','2016-01-14 17:02:11'),(1,46,1129,'STANDBY','2016-01-14 17:03:18'),(1,47,1129,'REGISTERED','2016-01-14 17:03:47'),(1,40,1188,'REGISTERED','2016-01-14 17:04:34'),(1,44,1129,'REGISTERED','2016-01-14 17:07:10'),(1,42,1129,'STANDBY','2016-01-14 17:09:59'),(1,42,1066,'STANDBY','2016-01-14 17:10:21'),(1,44,1066,'REGISTERED','2016-01-14 17:10:47'),(1,41,1066,'REGISTERED','2016-01-14 17:11:17'),(1,42,1066,'CANCEL_STANDBY','2016-01-14 17:11:27'),(1,44,1074,'REGISTERED','2016-01-14 17:20:31'),(1,47,1074,'REGISTERED','2016-01-14 17:21:07'),(1,43,1042,'STANDBY','2016-01-14 17:30:11'),(1,46,1042,'STANDBY','2016-01-14 17:30:23'),(1,47,1042,'REGISTERED','2016-01-14 17:30:35'),(1,40,1037,'UNREGISTERED','2016-01-14 17:57:19'),(1,42,1076,'STANDBY','2016-01-14 17:58:09'),(1,46,1017,'STANDBY','2016-01-14 18:13:55'),(1,39,1037,'UNREGISTERED','2016-01-14 19:20:06'),(1,40,1134,'UNREGISTERED','2016-01-14 19:20:47'),(1,46,1000,'STANDBY','2016-01-14 19:30:17'),(1,43,1000,'STANDBY','2016-01-14 19:31:21'),(1,39,1042,'UNREGISTERED','2016-01-14 19:52:57'),(1,42,1000,'STANDBY','2016-01-14 19:57:57'),(1,42,1000,'CANCEL_STANDBY','2016-01-14 19:58:03'),(1,48,1000,'REGISTERED','2016-01-14 19:58:56'),(1,48,1000,'UNREGISTERED','2016-01-14 19:58:57'),(1,48,1130,'REGISTERED','2016-01-14 22:39:25'),(1,48,1058,'REGISTERED','2016-01-14 22:41:17'),(1,45,1058,'REGISTERED','2016-01-14 22:41:57'),(1,47,1188,'REGISTERED','2016-01-15 07:45:11'),(1,42,1055,'UNREGISTERED','2016-01-15 09:49:12'),(1,42,1129,'CANCEL_STANDBY','2016-01-15 09:49:49'),(1,42,1129,'REGISTERED','2016-01-15 09:49:50'),(1,46,1055,'STANDBY','2016-01-15 09:51:35'),(1,48,1000,'REGISTERED','2016-01-15 14:49:57'),(1,48,1000,'UNREGISTERED','2016-01-15 14:49:58'),(1,48,1000,'REGISTERED','2016-01-15 21:34:01'),(1,48,1000,'UNREGISTERED','2016-01-15 21:34:04'),(1,46,1000,'CANCEL_STANDBY','2016-01-15 21:34:52'),(1,46,1000,'STANDBY','2016-01-15 21:34:56'),(1,42,1076,'CANCEL_STANDBY','2016-01-16 16:16:20'),(1,42,1113,'STANDBY','2016-01-16 16:27:49'),(1,43,1113,'STANDBY','2016-01-16 16:27:55'),(1,44,1113,'STANDBY','2016-01-16 16:28:01'),(1,46,1113,'STANDBY','2016-01-16 16:28:08'),(1,46,1113,'CANCEL_STANDBY','2016-01-16 16:28:11'),(1,46,1113,'STANDBY','2016-01-16 16:28:13'),(1,46,1000,'CANCEL_STANDBY','2016-01-16 16:32:40'),(1,46,1000,'STANDBY','2016-01-16 16:32:42'),(1,42,1000,'STANDBY','2016-01-16 18:06:15'),(1,41,1000,'REGISTERED','2016-01-16 18:06:39'),(1,41,1000,'UNREGISTERED','2016-01-16 18:06:40'),(1,45,1000,'REGISTERED','2016-01-16 18:07:09'),(1,45,1000,'UNREGISTERED','2016-01-16 18:07:10'),(1,44,1000,'STANDBY','2016-01-16 18:07:38'),(1,43,1188,'STANDBY','2016-01-16 18:48:50'),(1,42,1131,'STANDBY','2016-01-16 19:13:33'),(1,46,1131,'STANDBY','2016-01-16 19:13:53'),(1,47,1131,'REGISTERED','2016-01-16 19:14:35'),(1,43,1195,'STANDBY','2016-01-16 20:29:31'),(1,41,1062,'UNREGISTERED','2016-01-16 21:41:22'),(1,41,1066,'UNREGISTERED','2016-01-17 05:05:27'),(1,41,1193,'UNREGISTERED','2016-01-17 05:31:05'),(1,44,1082,'STANDBY','2016-01-17 07:35:47'),(1,44,1082,'CANCEL_STANDBY','2016-01-17 07:36:04'),(1,48,1113,'REGISTERED','2016-01-17 08:56:04'),(1,42,1068,'UNREGISTERED','2016-01-17 11:14:41'),(1,42,1113,'CANCEL_STANDBY','2016-01-17 11:18:31'),(1,42,1113,'REGISTERED','2016-01-17 11:18:32'),(1,47,1117,'REGISTERED','2016-01-17 16:57:02'),(1,48,1117,'UNREGISTERED','2016-01-17 16:57:11'),(1,47,1083,'REGISTERED','2016-01-17 19:07:49'),(1,46,1012,'STANDBY','2016-01-18 10:53:26'),(1,43,1047,'UNREGISTERED','2016-01-18 13:20:56'),(1,43,1000,'CANCEL_STANDBY','2016-01-18 13:22:47'),(1,43,1000,'REGISTERED','2016-01-18 13:22:48'),(1,43,1000,'UNREGISTERED','2016-01-18 13:22:50'),(1,43,1042,'CANCEL_STANDBY','2016-01-18 13:23:33'),(1,43,1042,'REGISTERED','2016-01-18 13:23:36'),(1,43,1120,'UNREGISTERED','2016-01-18 13:26:51'),(1,43,1113,'CANCEL_STANDBY','2016-01-18 13:26:53'),(1,43,1113,'REGISTERED','2016-01-18 13:26:54'),(1,43,1129,'CANCEL_STANDBY','2016-01-18 14:28:11'),(1,43,1193,'STANDBY','2016-01-18 14:37:04'),(1,43,1052,'UNREGISTERED','2016-01-18 15:17:51'),(1,43,1193,'CANCEL_STANDBY','2016-01-18 15:18:28'),(1,43,1193,'REGISTERED','2016-01-18 15:18:29'),(1,43,1068,'UNREGISTERED','2016-01-18 16:14:24'),(1,43,1188,'CANCEL_STANDBY','2016-01-18 16:29:52'),(1,43,1188,'REGISTERED','2016-01-18 16:29:59'),(1,43,1042,'UNREGISTERED','2016-01-18 16:54:13'),(1,43,1195,'CANCEL_STANDBY','2016-01-18 16:57:43'),(1,43,1195,'REGISTERED','2016-01-18 16:57:45'),(1,44,1117,'UNREGISTERED','2016-01-18 17:56:06'),(1,44,1113,'CANCEL_STANDBY','2016-01-18 17:56:30'),(1,44,1113,'REGISTERED','2016-01-18 17:56:31'),(1,44,1031,'UNREGISTERED','2016-01-19 11:28:01'),(1,44,1013,'UNREGISTERED','2016-01-19 12:15:55'),(1,47,1000,'REGISTERED','2016-01-19 13:15:24'),(1,47,1000,'UNREGISTERED','2016-01-19 13:15:26'),(1,46,1000,'CANCEL_STANDBY','2016-01-19 13:16:41'),(1,46,1000,'STANDBY','2016-01-19 13:16:42'),(1,46,1000,'CANCEL_STANDBY','2016-01-19 13:36:43'),(1,46,1000,'STANDBY','2016-01-19 13:36:45'),(1,45,1000,'REGISTERED','2016-01-19 13:36:54'),(1,45,1000,'UNREGISTERED','2016-01-19 13:36:56'),(1,44,1113,'UNREGISTERED','2016-01-19 15:24:18'),(1,44,1014,'REGISTERED','2016-01-19 15:59:59'),(1,45,1324,'REGISTERED','2016-01-19 19:36:20'),(1,45,1127,'REGISTERED','2016-01-20 04:51:10'),(1,46,1127,'UNREGISTERED','2016-01-20 04:51:19'),(1,46,1017,'CANCEL_STANDBY','2016-01-20 04:53:47'),(1,46,1017,'REGISTERED','2016-01-20 04:53:50'),(1,46,1087,'UNREGISTERED','2016-01-20 08:17:18'),(1,46,1042,'CANCEL_STANDBY','2016-01-20 08:34:36'),(1,46,1042,'REGISTERED','2016-01-20 08:34:38'),(1,46,1131,'CANCEL_STANDBY','2016-01-20 08:35:30'),(1,46,1131,'STANDBY','2016-01-20 08:35:56'),(1,46,1075,'UNREGISTERED','2016-01-20 14:15:27'),(1,46,1113,'CANCEL_STANDBY','2016-01-20 14:31:52'),(1,46,1113,'REGISTERED','2016-01-20 14:31:53'),(1,47,1126,'UNREGISTERED','2016-01-20 14:44:06'),(1,46,1012,'CANCEL_STANDBY','2016-01-20 15:00:02'),(1,46,1012,'STANDBY','2016-01-20 15:00:19'),(1,46,1067,'UNREGISTERED','2016-01-20 15:36:13'),(1,46,1120,'UNREGISTERED','2016-01-20 15:39:44'),(1,46,1012,'CANCEL_STANDBY','2016-01-20 15:53:31'),(1,46,1012,'REGISTERED','2016-01-20 15:53:33'),(1,46,1077,'REGISTERED','2016-01-20 15:53:48'),(1,46,1077,'UNREGISTERED','2016-01-20 15:54:56'),(1,46,1131,'CANCEL_STANDBY','2016-01-20 16:41:03'),(1,46,1131,'REGISTERED','2016-01-20 16:41:12'),(1,47,1012,'UNREGISTERED','2016-01-20 16:53:35'),(1,46,1042,'UNREGISTERED','2016-01-20 16:54:27'),(1,47,1000,'REGISTERED','2016-01-20 18:53:32'),(1,47,1000,'UNREGISTERED','2016-01-20 18:53:34'),(1,48,1324,'REGISTERED','2016-01-21 13:46:00'),(1,47,1083,'UNREGISTERED','2016-01-21 14:46:48'),(1,47,1083,'REGISTERED','2016-01-21 14:47:17'),(1,47,1083,'UNREGISTERED','2016-01-21 14:47:22'),(1,51,1319,'REGISTERED','2016-01-21 15:00:14'),(1,54,1319,'REGISTERED','2016-01-21 15:00:23'),(1,56,1041,'REGISTERED','2016-01-21 15:00:26'),(1,51,1084,'REGISTERED','2016-01-21 15:00:26'),(1,50,1113,'REGISTERED','2016-01-21 15:00:32'),(1,51,1113,'REGISTERED','2016-01-21 15:00:39'),(1,56,1084,'REGISTERED','2016-01-21 15:00:44'),(1,52,1113,'REGISTERED','2016-01-21 15:00:44'),(1,51,1052,'REGISTERED','2016-01-21 15:00:46'),(1,50,1117,'REGISTERED','2016-01-21 15:00:51'),(1,54,1113,'REGISTERED','2016-01-21 15:00:54'),(1,50,1013,'REGISTERED','2016-01-21 15:00:57'),(1,50,1052,'REGISTERED','2016-01-21 15:00:57'),(1,51,1117,'REGISTERED','2016-01-21 15:00:57'),(1,51,1042,'REGISTERED','2016-01-21 15:01:01'),(1,52,1117,'REGISTERED','2016-01-21 15:01:05'),(1,56,1113,'REGISTERED','2016-01-21 15:01:09'),(1,51,1013,'REGISTERED','2016-01-21 15:01:09'),(1,54,1042,'REGISTERED','2016-01-21 15:01:20'),(1,52,1013,'REGISTERED','2016-01-21 15:01:20'),(1,55,1117,'REGISTERED','2016-01-21 15:01:22'),(1,55,1042,'REGISTERED','2016-01-21 15:01:36'),(1,51,1129,'REGISTERED','2016-01-21 15:02:27'),(1,50,1016,'REGISTERED','2016-01-21 15:03:02'),(1,52,1016,'REGISTERED','2016-01-21 15:03:17'),(1,54,1129,'REGISTERED','2016-01-21 15:03:23'),(1,50,1126,'REGISTERED','2016-01-21 15:03:36'),(1,55,1129,'REGISTERED','2016-01-21 15:03:44'),(1,52,1126,'REGISTERED','2016-01-21 15:03:53'),(1,51,1134,'REGISTERED','2016-01-21 15:03:57'),(1,55,1126,'REGISTERED','2016-01-21 15:04:05'),(1,51,1122,'REGISTERED','2016-01-21 15:05:36'),(1,51,1122,'UNREGISTERED','2016-01-21 15:05:38'),(1,54,1122,'REGISTERED','2016-01-21 15:05:54'),(1,56,1122,'REGISTERED','2016-01-21 15:06:07'),(1,49,1012,'REGISTERED','2016-01-21 15:07:38'),(1,52,1012,'REGISTERED','2016-01-21 15:07:51'),(1,55,1012,'REGISTERED','2016-01-21 15:08:00'),(1,54,1076,'REGISTERED','2016-01-21 15:08:01'),(1,55,1076,'REGISTERED','2016-01-21 15:08:11'),(1,51,1067,'REGISTERED','2016-01-21 15:11:14'),(1,51,1051,'REGISTERED','2016-01-21 15:11:22'),(1,54,1051,'REGISTERED','2016-01-21 15:11:29'),(1,54,1067,'REGISTERED','2016-01-21 15:11:31'),(1,56,1051,'REGISTERED','2016-01-21 15:11:38'),(1,56,1067,'REGISTERED','2016-01-21 15:11:47'),(1,52,1123,'REGISTERED','2016-01-21 15:13:31'),(1,52,1074,'REGISTERED','2016-01-21 15:13:40'),(1,56,1074,'REGISTERED','2016-01-21 15:13:54'),(1,52,1087,'REGISTERED','2016-01-21 15:13:56'),(1,51,1123,'REGISTERED','2016-01-21 15:13:58'),(1,50,1087,'REGISTERED','2016-01-21 15:14:07'),(1,55,1123,'REGISTERED','2016-01-21 15:14:09'),(1,54,1087,'REGISTERED','2016-01-21 15:14:22'),(1,47,1123,'UNREGISTERED','2016-01-21 15:14:31'),(1,55,1087,'REGISTERED','2016-01-21 15:14:43'),(1,50,1021,'REGISTERED','2016-01-21 15:14:48'),(1,52,1021,'REGISTERED','2016-01-21 15:15:07'),(1,51,1037,'REGISTERED','2016-01-21 15:15:42'),(1,54,1037,'REGISTERED','2016-01-21 15:15:52'),(1,56,1037,'REGISTERED','2016-01-21 15:16:10'),(1,50,1120,'REGISTERED','2016-01-21 15:16:42'),(1,50,1023,'REGISTERED','2016-01-21 15:17:04'),(1,54,1120,'REGISTERED','2016-01-21 15:17:13'),(1,51,1023,'REGISTERED','2016-01-21 15:17:15'),(1,52,1023,'REGISTERED','2016-01-21 15:17:26'),(1,56,1120,'REGISTERED','2016-01-21 15:17:27'),(1,54,1023,'REGISTERED','2016-01-21 15:18:12'),(1,51,1054,'REGISTERED','2016-01-21 15:18:54'),(1,53,1058,'REGISTERED','2016-01-21 15:19:07'),(1,54,1054,'REGISTERED','2016-01-21 15:19:09'),(1,56,1058,'REGISTERED','2016-01-21 15:19:19'),(1,56,1054,'REGISTERED','2016-01-21 15:19:23'),(1,50,1049,'REGISTERED','2016-01-21 15:20:48'),(1,51,1049,'REGISTERED','2016-01-21 15:21:00'),(1,52,1049,'REGISTERED','2016-01-21 15:21:10'),(1,55,1049,'REGISTERED','2016-01-21 15:21:25'),(1,56,1130,'REGISTERED','2016-01-21 15:22:13'),(1,48,1127,'UNREGISTERED','2016-01-21 15:23:01'),(1,51,1130,'REGISTERED','2016-01-21 15:23:01'),(1,50,1066,'REGISTERED','2016-01-21 15:30:14'),(1,50,1066,'UNREGISTERED','2016-01-21 15:30:43'),(1,49,1066,'REGISTERED','2016-01-21 15:30:57'),(1,52,1066,'REGISTERED','2016-01-21 15:31:15'),(1,51,1071,'REGISTERED','2016-01-21 15:31:23'),(1,51,1082,'REGISTERED','2016-01-21 15:32:08'),(1,51,1026,'STANDBY','2016-01-21 15:32:15'),(1,52,1082,'REGISTERED','2016-01-21 15:32:21'),(1,54,1026,'REGISTERED','2016-01-21 15:32:27'),(1,54,1082,'REGISTERED','2016-01-21 15:32:30'),(1,56,1026,'REGISTERED','2016-01-21 15:32:42'),(1,50,1082,'REGISTERED','2016-01-21 15:32:49'),(1,56,1071,'REGISTERED','2016-01-21 15:33:28'),(1,50,1036,'REGISTERED','2016-01-21 15:41:37'),(1,52,1036,'REGISTERED','2016-01-21 15:41:44'),(1,55,1036,'REGISTERED','2016-01-21 15:41:57'),(1,50,1107,'REGISTERED','2016-01-21 15:44:32'),(1,51,1047,'STANDBY','2016-01-21 15:48:19'),(1,54,1047,'REGISTERED','2016-01-21 15:48:29'),(1,56,1047,'REGISTERED','2016-01-21 15:48:46'),(1,52,1047,'REGISTERED','2016-01-21 15:48:57'),(1,50,1047,'REGISTERED','2016-01-21 15:49:16'),(1,50,1081,'REGISTERED','2016-01-21 15:52:49'),(1,52,1081,'REGISTERED','2016-01-21 15:53:07'),(1,51,1193,'STANDBY','2016-01-21 15:56:37'),(1,50,1193,'REGISTERED','2016-01-21 15:57:21'),(1,52,1193,'REGISTERED','2016-01-21 15:57:47'),(1,56,1193,'REGISTERED','2016-01-21 15:58:06'),(1,51,1043,'STANDBY','2016-01-21 15:58:33'),(1,49,1064,'REGISTERED','2016-01-21 15:58:38'),(1,53,1064,'REGISTERED','2016-01-21 15:58:52'),(1,55,1064,'REGISTERED','2016-01-21 15:59:07'),(1,55,1043,'REGISTERED','2016-01-21 15:59:35'),(1,49,1043,'REGISTERED','2016-01-21 16:00:11'),(1,53,1043,'REGISTERED','2016-01-21 16:00:56'),(1,51,1068,'STANDBY','2016-01-21 16:01:35'),(1,52,1068,'REGISTERED','2016-01-21 16:01:56'),(1,54,1068,'REGISTERED','2016-01-21 16:02:17'),(1,56,1080,'REGISTERED','2016-01-21 16:03:47'),(1,53,1080,'REGISTERED','2016-01-21 16:04:33'),(1,49,1044,'REGISTERED','2016-01-21 16:08:13'),(1,52,1044,'STANDBY','2016-01-21 16:08:56'),(1,52,1044,'CANCEL_STANDBY','2016-01-21 16:09:15'),(1,52,1044,'STANDBY','2016-01-21 16:09:18'),(1,54,1127,'REGISTERED','2016-01-21 16:45:30'),(1,56,1127,'REGISTERED','2016-01-21 16:45:42'),(1,49,1127,'REGISTERED','2016-01-21 16:46:15'),(1,49,1127,'UNREGISTERED','2016-01-21 16:47:41'),(1,51,1017,'STANDBY','2016-01-21 16:48:19'),(1,54,1017,'REGISTERED','2016-01-21 16:48:41'),(1,55,1017,'REGISTERED','2016-01-21 16:49:01'),(1,48,1037,'UNREGISTERED','2016-01-21 17:00:16'),(1,48,1134,'UNREGISTERED','2016-01-21 17:15:19'),(1,50,1031,'REGISTERED','2016-01-21 17:19:54'),(1,52,1031,'STANDBY','2016-01-21 17:20:12'),(1,49,1019,'REGISTERED','2016-01-21 17:20:27'),(1,53,1019,'REGISTERED','2016-01-21 17:20:57'),(1,54,1031,'STANDBY','2016-01-21 17:21:18'),(1,55,1019,'REGISTERED','2016-01-21 17:21:31'),(1,52,1000,'STANDBY','2016-01-21 18:36:49'),(1,52,1000,'CANCEL_STANDBY','2016-01-21 18:36:51'),(1,51,1122,'STANDBY','2016-01-21 18:45:29'),(1,54,1188,'STANDBY','2016-01-21 19:13:15'),(1,50,1075,'REGISTERED','2016-01-21 20:06:03'),(1,54,1075,'STANDBY','2016-01-21 20:06:29'),(1,47,1037,'UNREGISTERED','2016-01-21 21:55:07'),(1,49,1062,'REGISTERED','2016-01-21 22:11:41'),(1,50,1062,'STANDBY','2016-01-21 22:12:00'),(1,51,1062,'STANDBY','2016-01-21 22:12:50'),(1,52,1062,'STANDBY','2016-01-21 22:13:00'),(1,54,1062,'STANDBY','2016-01-21 22:13:08'),(1,56,1062,'REGISTERED','2016-01-21 22:13:29'),(1,48,1067,'UNREGISTERED','2016-01-22 04:16:03'),(1,47,1067,'REGISTERED','2016-01-22 04:16:11'),(1,54,1031,'CANCEL_STANDBY','2016-01-22 12:05:17'),(1,54,1117,'STANDBY','2016-01-23 09:46:31'),(1,55,1083,'REGISTERED','2016-01-23 13:43:44'),(1,49,1062,'UNREGISTERED','2016-01-23 19:49:36'),(1,49,1080,'REGISTERED','2016-01-23 21:26:44'),(1,51,1074,'STANDBY','2016-01-24 03:51:05'),(1,54,1074,'STANDBY','2016-01-24 03:51:29'),(1,50,1017,'STANDBY','2016-01-24 04:43:16'),(1,51,1076,'STANDBY','2016-01-24 10:28:23'),(1,52,1076,'STANDBY','2016-01-24 10:28:47'),(1,50,1075,'UNREGISTERED','2016-01-24 11:59:10'),(1,50,1052,'UNREGISTERED','2016-01-24 12:21:22'),(1,50,1017,'CANCEL_STANDBY','2016-01-24 12:31:11'),(1,50,1017,'REGISTERED','2016-01-24 12:31:13'),(1,50,1062,'CANCEL_STANDBY','2016-01-24 15:28:00'),(1,50,1062,'REGISTERED','2016-01-24 15:28:05'),(1,50,1193,'UNREGISTERED','2016-01-24 15:58:49'),(1,50,1031,'UNREGISTERED','2016-01-24 16:07:03'),(1,50,1031,'REGISTERED','2016-01-24 16:07:05'),(1,50,1031,'UNREGISTERED','2016-01-24 16:07:07'),(1,54,1324,'STANDBY','2016-01-25 13:07:21'),(1,51,1052,'UNREGISTERED','2016-01-25 13:42:59'),(1,51,1052,'REGISTERED','2016-01-25 13:43:52'),(1,51,1052,'UNREGISTERED','2016-01-25 13:43:54'),(1,51,1193,'CANCEL_STANDBY','2016-01-25 13:44:17'),(1,51,1193,'REGISTERED','2016-01-25 13:44:19'),(1,51,1074,'CANCEL_STANDBY','2016-01-25 13:53:05'),(1,51,1082,'UNREGISTERED','2016-01-25 14:02:59'),(1,51,1122,'CANCEL_STANDBY','2016-01-25 14:03:49'),(1,51,1122,'REGISTERED','2016-01-25 14:04:00'),(1,51,1047,'CANCEL_STANDBY','2016-01-25 14:08:57'),(1,51,1071,'UNREGISTERED','2016-01-25 14:09:26'),(1,52,1071,'STANDBY','2016-01-25 14:10:08'),(1,51,1047,'REGISTERED','2016-01-25 14:10:28'),(1,51,1000,'STANDBY','2016-01-25 14:32:35'),(1,51,1134,'UNREGISTERED','2016-01-25 15:01:40'),(1,51,1062,'CANCEL_STANDBY','2016-01-25 15:02:34'),(1,51,1134,'REGISTERED','2016-01-25 15:02:37'),(1,51,1062,'STANDBY','2016-01-25 15:02:37'),(1,51,1062,'CANCEL_STANDBY','2016-01-25 15:02:57'),(1,51,1062,'STANDBY','2016-01-25 15:04:40'),(1,51,1062,'CANCEL_STANDBY','2016-01-25 15:05:06'),(1,51,1062,'STANDBY','2016-01-25 15:07:04'),(1,51,1076,'CANCEL_STANDBY','2016-01-25 15:08:33'),(1,51,1047,'UNREGISTERED','2016-01-25 15:33:07'),(1,51,1062,'CANCEL_STANDBY','2016-01-25 15:33:45'),(1,51,1062,'REGISTERED','2016-01-25 15:33:50'),(1,51,1134,'UNREGISTERED','2016-01-25 15:53:42'),(1,51,1017,'CANCEL_STANDBY','2016-01-25 15:54:13'),(1,51,1017,'REGISTERED','2016-01-25 15:54:16'),(1,51,1068,'CANCEL_STANDBY','2016-01-25 15:54:40'),(1,51,1068,'STANDBY','2016-01-25 15:54:47'),(1,51,1026,'CANCEL_STANDBY','2016-01-25 17:13:10'),(1,52,1113,'UNREGISTERED','2016-01-25 20:19:56'),(1,52,1062,'CANCEL_STANDBY','2016-01-25 20:55:53'),(1,52,1062,'REGISTERED','2016-01-25 20:55:55'),(1,52,1044,'CANCEL_STANDBY','2016-01-25 21:00:03'),(1,52,1044,'STANDBY','2016-01-25 21:00:26'),(1,52,1117,'UNREGISTERED','2016-01-26 07:19:29'),(1,52,1043,'REGISTERED','2016-01-26 07:24:01'),(1,54,1042,'UNREGISTERED','2016-01-26 07:38:50'),(1,54,1188,'CANCEL_STANDBY','2016-01-26 07:39:20'),(1,54,1188,'REGISTERED','2016-01-26 07:39:21'),(1,54,1062,'CANCEL_STANDBY','2016-01-26 08:14:53'),(1,54,1062,'STANDBY','2016-01-26 08:14:59'),(1,54,1062,'CANCEL_STANDBY','2016-01-26 08:15:02'),(1,54,1062,'STANDBY','2016-01-26 08:15:04'),(1,54,1062,'CANCEL_STANDBY','2016-01-26 08:15:38'),(1,54,1062,'STANDBY','2016-01-26 08:16:20'),(1,54,1195,'STANDBY','2016-01-26 08:33:19'),(1,54,1076,'UNREGISTERED','2016-01-26 08:46:00'),(1,54,1062,'CANCEL_STANDBY','2016-01-26 08:46:34'),(1,54,1062,'REGISTERED','2016-01-26 08:46:36'),(1,52,1014,'STANDBY','2016-01-26 12:07:22'),(1,56,1122,'UNREGISTERED','2016-01-26 12:08:55'),(1,52,1082,'UNREGISTERED','2016-01-26 12:14:22'),(1,52,1031,'CANCEL_STANDBY','2016-01-26 14:27:53'),(1,52,1031,'REGISTERED','2016-01-26 14:27:59'),(1,52,1057,'STANDBY','2016-01-26 14:53:32'),(1,53,1064,'UNREGISTERED','2016-01-26 15:33:07'),(1,56,1076,'REGISTERED','2016-01-26 15:53:09'),(1,52,1076,'CANCEL_STANDBY','2016-01-26 15:55:13'),(1,52,1074,'UNREGISTERED','2016-01-26 15:59:43'),(1,52,1044,'CANCEL_STANDBY','2016-01-26 16:15:55'),(1,52,1044,'REGISTERED','2016-01-26 16:15:57'),(1,55,1131,'REGISTERED','2016-01-26 16:42:56'),(1,54,1017,'UNREGISTERED','2016-01-26 16:46:07'),(1,54,1014,'REGISTERED','2016-01-26 16:49:07'),(2,119,1201,'REGISTERED','2016-01-26 19:11:02'),(2,119,1201,'UNREGISTERED','2016-01-26 19:11:09'),(2,126,1233,'REGISTERED','2016-01-26 19:52:20'),(2,118,1233,'REGISTERED','2016-01-26 19:53:38'),(2,129,1233,'REGISTERED','2016-01-26 19:53:55'),(2,119,1201,'REGISTERED','2016-01-26 20:09:47'),(2,126,1226,'REGISTERED','2016-01-26 20:57:45'),(1,54,1000,'STANDBY','2016-01-26 21:09:20'),(1,54,1000,'CANCEL_STANDBY','2016-01-26 21:09:22'),(2,116,1000,'REGISTERED','2016-01-26 21:19:39'),(2,117,1000,'REGISTERED','2016-01-26 21:20:09'),(1,54,1000,'STANDBY','2016-01-26 21:20:48'),(1,54,1000,'CANCEL_STANDBY','2016-01-26 21:20:50'),(1,55,1000,'REGISTERED','2016-01-26 21:21:01'),(1,55,1000,'UNREGISTERED','2016-01-26 21:21:03'),(2,118,1000,'REGISTERED','2016-01-26 21:21:37'),(2,118,1000,'UNREGISTERED','2016-01-26 21:21:39'),(2,121,1000,'REGISTERED','2016-01-26 21:22:23'),(2,121,1000,'UNREGISTERED','2016-01-26 21:22:24'),(1,54,1047,'UNREGISTERED','2016-01-27 08:51:28'),(1,54,1026,'UNREGISTERED','2016-01-27 09:27:12'),(1,54,1324,'CANCEL_STANDBY','2016-01-27 09:59:33'),(1,54,1324,'REGISTERED','2016-01-27 09:59:35'),(1,55,1313,'REGISTERED','2016-01-27 11:03:33'),(1,54,1120,'UNREGISTERED','2016-01-27 12:56:15'),(1,54,1117,'CANCEL_STANDBY','2016-01-27 13:30:43'),(1,54,1313,'REGISTERED','2016-01-27 14:20:05'),(1,54,1313,'UNREGISTERED','2016-01-27 14:20:14'),(1,54,1313,'REGISTERED','2016-01-27 14:21:11'),(1,54,1082,'UNREGISTERED','2016-01-27 16:37:35'),(1,54,1195,'CANCEL_STANDBY','2016-01-27 16:47:24'),(1,54,1195,'REGISTERED','2016-01-27 16:47:26'),(1,54,1131,'REGISTERED','2016-01-27 16:56:40'),(1,56,1130,'UNREGISTERED','2016-01-27 17:30:07'),(1,55,1076,'UNREGISTERED','2016-01-27 18:57:33'),(1,55,1076,'REGISTERED','2016-01-27 18:57:35'),(1,55,1342,'REGISTERED','2016-01-27 19:15:04'),(1,55,1342,'UNREGISTERED','2016-01-27 19:15:05'),(2,120,1117,'REGISTERED','2016-01-28 10:10:03'),(1,138,1113,'REGISTERED','2016-01-28 15:00:08'),(1,141,1296,'REGISTERED','2016-01-28 15:00:10'),(1,140,1113,'REGISTERED','2016-01-28 15:00:17'),(1,138,1117,'REGISTERED','2016-01-28 15:00:20'),(1,145,1041,'REGISTERED','2016-01-28 15:00:22'),(1,141,1113,'REGISTERED','2016-01-28 15:00:26'),(1,143,1113,'REGISTERED','2016-01-28 15:00:32'),(1,145,1113,'REGISTERED','2016-01-28 15:00:38'),(1,140,1037,'REGISTERED','2016-01-28 15:01:27'),(1,139,1117,'REGISTERED','2016-01-28 15:01:32'),(1,141,1044,'REGISTERED','2016-01-28 15:01:37'),(1,143,1037,'REGISTERED','2016-01-28 15:01:43'),(1,145,1296,'REGISTERED','2016-01-28 15:01:45'),(1,141,1117,'REGISTERED','2016-01-28 15:01:46'),(1,138,1071,'REGISTERED','2016-01-28 15:01:47'),(1,140,1319,'REGISTERED','2016-01-28 15:01:48'),(1,145,1037,'REGISTERED','2016-01-28 15:01:54'),(1,143,1117,'REGISTERED','2016-01-28 15:01:57'),(1,143,1051,'REGISTERED','2016-01-28 15:01:59'),(1,143,1319,'REGISTERED','2016-01-28 15:02:00'),(1,138,1126,'REGISTERED','2016-01-28 15:02:04'),(1,140,1051,'REGISTERED','2016-01-28 15:02:10'),(1,144,1117,'REGISTERED','2016-01-28 15:02:12'),(1,138,1055,'REGISTERED','2016-01-28 15:02:18'),(1,137,1044,'REGISTERED','2016-01-28 15:02:18'),(1,144,1071,'REGISTERED','2016-01-28 15:02:25'),(1,140,1122,'REGISTERED','2016-01-28 15:02:31'),(1,144,1017,'REGISTERED','2016-01-28 15:02:31'),(1,139,1084,'REGISTERED','2016-01-28 15:02:32'),(1,140,1055,'REGISTERED','2016-01-28 15:02:35'),(1,145,1084,'REGISTERED','2016-01-28 15:02:40'),(1,143,1122,'REGISTERED','2016-01-28 15:02:48'),(1,138,1047,'REGISTERED','2016-01-28 15:02:51'),(1,144,1055,'REGISTERED','2016-01-28 15:02:53'),(1,140,1117,'REGISTERED','2016-01-28 15:03:01'),(1,141,1126,'REGISTERED','2016-01-28 15:03:04'),(1,145,1122,'REGISTERED','2016-01-28 15:03:16'),(1,141,1047,'REGISTERED','2016-01-28 15:03:22'),(1,145,1047,'REGISTERED','2016-01-28 15:03:37'),(1,144,1126,'REGISTERED','2016-01-28 15:03:40'),(1,143,1017,'REGISTERED','2016-01-28 15:03:57'),(1,140,1047,'REGISTERED','2016-01-28 15:04:01'),(1,137,1064,'REGISTERED','2016-01-28 15:04:25'),(1,144,1087,'REGISTERED','2016-01-28 15:04:34'),(1,139,1036,'REGISTERED','2016-01-28 15:04:47'),(1,138,1082,'REGISTERED','2016-01-28 15:04:47'),(1,140,1054,'REGISTERED','2016-01-28 15:04:47'),(1,139,1129,'REGISTERED','2016-01-28 15:04:52'),(1,142,1064,'REGISTERED','2016-01-28 15:04:56'),(1,139,1082,'REGISTERED','2016-01-28 15:04:58'),(1,143,1036,'REGISTERED','2016-01-28 15:04:58'),(1,140,1017,'REGISTERED','2016-01-28 15:04:59'),(1,141,1082,'REGISTERED','2016-01-28 15:05:05'),(1,145,1036,'REGISTERED','2016-01-28 15:05:10'),(1,141,1076,'REGISTERED','2016-01-28 15:05:13'),(1,143,1054,'REGISTERED','2016-01-28 15:05:14'),(1,143,1082,'REGISTERED','2016-01-28 15:05:14'),(1,144,1064,'REGISTERED','2016-01-28 15:05:15'),(1,143,1076,'REGISTERED','2016-01-28 15:05:22'),(1,145,1054,'REGISTERED','2016-01-28 15:05:33'),(1,143,1129,'REGISTERED','2016-01-28 15:05:41'),(1,140,1042,'REGISTERED','2016-01-28 15:05:48'),(1,144,1129,'REGISTERED','2016-01-28 15:05:57'),(1,144,1042,'REGISTERED','2016-01-28 15:05:59'),(1,141,1012,'REGISTERED','2016-01-28 15:06:02'),(1,144,1012,'REGISTERED','2016-01-28 15:06:18'),(1,137,1012,'REGISTERED','2016-01-28 15:06:31'),(1,138,1013,'REGISTERED','2016-01-28 15:07:02'),(1,139,1013,'REGISTERED','2016-01-28 15:07:25'),(1,139,1067,'REGISTERED','2016-01-28 15:07:33'),(1,141,1013,'REGISTERED','2016-01-28 15:07:39'),(1,143,1067,'REGISTERED','2016-01-28 15:07:45'),(1,145,1067,'REGISTERED','2016-01-28 15:08:03'),(1,139,1043,'REGISTERED','2016-01-28 15:08:18'),(1,142,1043,'REGISTERED','2016-01-28 15:08:39'),(1,144,1043,'REGISTERED','2016-01-28 15:08:54'),(1,137,1043,'REGISTERED','2016-01-28 15:09:11'),(1,138,1081,'REGISTERED','2016-01-28 15:09:33'),(1,141,1081,'REGISTERED','2016-01-28 15:09:49'),(1,138,1047,'REGISTERED','2016-01-28 15:11:10'),(1,138,1076,'REGISTERED','2016-01-28 15:11:15'),(1,141,1107,'REGISTERED','2016-01-28 15:11:21'),(1,143,1107,'REGISTERED','2016-01-28 15:11:46'),(1,138,1031,'REGISTERED','2016-01-28 15:13:05'),(1,141,1031,'REGISTERED','2016-01-28 15:13:47'),(1,138,1049,'REGISTERED','2016-01-28 15:14:55'),(1,139,1049,'REGISTERED','2016-01-28 15:15:26'),(1,141,1049,'REGISTERED','2016-01-28 15:15:35'),(1,144,1049,'REGISTERED','2016-01-28 15:16:00'),(1,137,1023,'REGISTERED','2016-01-28 15:17:34'),(1,140,1023,'REGISTERED','2016-01-28 15:18:52'),(1,140,1026,'REGISTERED','2016-01-28 15:19:09'),(1,143,1026,'REGISTERED','2016-01-28 15:19:19'),(1,145,1026,'REGISTERED','2016-01-28 15:19:27'),(1,141,1023,'REGISTERED','2016-01-28 15:19:32'),(1,141,1076,'UNREGISTERED','2016-01-28 15:19:48'),(1,143,1076,'UNREGISTERED','2016-01-28 15:20:09'),(1,143,1023,'REGISTERED','2016-01-28 15:20:09'),(1,137,1066,'REGISTERED','2016-01-28 15:21:41'),(1,141,1066,'REGISTERED','2016-01-28 15:22:03'),(1,138,1016,'REGISTERED','2016-01-28 15:23:03'),(1,141,1016,'REGISTERED','2016-01-28 15:23:28'),(1,139,1052,'REGISTERED','2016-01-28 15:25:18'),(1,143,1052,'REGISTERED','2016-01-28 15:25:28'),(2,117,1263,'REGISTERED','2016-01-28 15:27:06'),(1,139,1031,'REGISTERED','2016-01-28 15:32:20'),(1,145,1080,'REGISTERED','2016-01-28 15:37:12'),(2,117,1237,'REGISTERED','2016-01-28 15:44:54'),(2,120,1237,'REGISTERED','2016-01-28 15:45:14'),(2,117,1332,'REGISTERED','2016-01-28 15:45:52'),(2,147,1237,'REGISTERED','2016-01-28 15:46:21'),(2,121,1332,'REGISTERED','2016-01-28 15:46:26'),(2,150,1237,'REGISTERED','2016-01-28 15:46:29'),(2,161,1237,'REGISTERED','2016-01-28 15:46:35'),(2,164,1237,'REGISTERED','2016-01-28 15:46:42'),(2,127,1332,'REGISTERED','2016-01-28 15:46:44'),(2,117,1276,'REGISTERED','2016-01-28 15:47:38'),(2,117,1239,'REGISTERED','2016-01-28 15:49:23'),(2,147,1276,'REGISTERED','2016-01-28 15:50:04'),(2,147,1239,'REGISTERED','2016-01-28 15:50:49'),(1,139,1054,'REGISTERED','2016-01-28 15:57:12'),(1,140,1054,'UNREGISTERED','2016-01-28 15:57:31'),(1,142,1019,'REGISTERED','2016-01-28 16:00:13'),(1,144,1019,'REGISTERED','2016-01-28 16:01:35'),(2,116,1000,'UNREGISTERED','2016-01-28 16:03:52'),(2,117,1000,'UNREGISTERED','2016-01-28 16:04:03'),(2,120,1250,'REGISTERED','2016-01-28 16:06:04'),(2,150,1250,'REGISTERED','2016-01-28 16:06:21'),(2,117,1250,'REGISTERED','2016-01-28 16:07:09'),(1,139,1193,'REGISTERED','2016-01-28 16:07:23'),(1,145,1193,'REGISTERED','2016-01-28 16:08:18'),(1,138,1193,'REGISTERED','2016-01-28 16:09:06'),(2,119,1230,'REGISTERED','2016-01-28 16:10:11'),(2,121,1230,'REGISTERED','2016-01-28 16:10:22'),(2,129,1230,'REGISTERED','2016-01-28 16:10:32'),(1,56,1188,'REGISTERED','2016-01-28 16:12:23'),(1,143,1188,'REGISTERED','2016-01-28 16:13:03'),(2,150,1117,'REGISTERED','2016-01-28 16:13:41'),(2,164,1117,'REGISTERED','2016-01-28 16:13:50'),(2,192,1117,'REGISTERED','2016-01-28 16:13:57'),(2,119,1201,'UNREGISTERED','2016-01-28 16:15:07'),(2,117,1279,'REGISTERED','2016-01-28 16:15:14'),(2,120,1279,'REGISTERED','2016-01-28 16:16:17'),(1,138,1068,'REGISTERED','2016-01-28 16:20:13'),(1,140,1068,'REGISTERED','2016-01-28 16:20:29'),(1,141,1068,'REGISTERED','2016-01-28 16:20:44'),(1,138,1123,'REGISTERED','2016-01-28 16:20:47'),(1,143,1068,'REGISTERED','2016-01-28 16:20:58'),(1,141,1123,'REGISTERED','2016-01-28 16:21:11'),(2,121,1240,'REGISTERED','2016-01-28 16:22:30'),(2,128,1240,'REGISTERED','2016-01-28 16:23:02'),(1,144,1123,'REGISTERED','2016-01-28 16:23:40'),(2,155,1240,'REGISTERED','2016-01-28 16:24:30'),(2,158,1240,'REGISTERED','2016-01-28 16:24:51'),(2,127,1228,'REGISTERED','2016-01-28 16:38:08'),(2,119,1242,'REGISTERED','2016-01-28 16:42:52'),(2,122,1242,'REGISTERED','2016-01-28 16:44:31'),(2,129,1242,'REGISTERED','2016-01-28 16:45:00'),(1,143,1195,'REGISTERED','2016-01-28 16:45:04'),(1,138,1023,'REGISTERED','2016-01-28 17:01:21'),(1,137,1023,'UNREGISTERED','2016-01-28 17:01:37'),(1,142,1313,'REGISTERED','2016-01-28 17:05:08'),(1,140,1313,'REGISTERED','2016-01-28 17:06:01'),(1,144,1313,'REGISTERED','2016-01-28 17:06:24'),(1,139,1120,'REGISTERED','2016-01-28 17:07:54'),(1,138,1120,'REGISTERED','2016-01-28 17:08:05'),(1,145,1120,'REGISTERED','2016-01-28 17:08:19'),(1,138,1016,'UNREGISTERED','2016-01-28 17:09:06'),(1,138,1016,'REGISTERED','2016-01-28 17:09:12'),(2,117,1235,'REGISTERED','2016-01-28 17:21:53'),(2,125,1235,'REGISTERED','2016-01-28 17:22:15'),(2,128,1235,'REGISTERED','2016-01-28 17:22:28'),(2,147,1235,'REGISTERED','2016-01-28 17:22:43'),(2,155,1235,'REGISTERED','2016-01-28 17:23:03'),(2,158,1235,'REGISTERED','2016-01-28 17:23:13'),(2,161,1235,'REGISTERED','2016-01-28 17:23:32'),(2,169,1235,'REGISTERED','2016-01-28 17:23:53'),(2,189,1235,'REGISTERED','2016-01-28 17:24:18'),(2,197,1235,'REGISTERED','2016-01-28 17:24:37'),(2,175,1235,'REGISTERED','2016-01-28 17:24:53'),(2,116,1235,'REGISTERED','2016-01-28 17:28:17'),(2,146,1235,'REGISTERED','2016-01-28 17:28:36'),(2,160,1235,'REGISTERED','2016-01-28 17:28:48'),(2,188,1235,'REGISTERED','2016-01-28 17:29:01'),(2,174,1235,'REGISTERED','2016-01-28 17:29:17'),(2,120,1209,'REGISTERED','2016-01-28 17:34:03'),(2,120,1289,'REGISTERED','2016-01-28 17:46:36'),(2,150,1289,'REGISTERED','2016-01-28 17:47:28'),(2,164,1289,'REGISTERED','2016-01-28 17:47:41'),(2,192,1289,'REGISTERED','2016-01-28 17:47:53'),(1,55,1342,'REGISTERED','2016-01-28 17:48:42'),(1,55,1342,'UNREGISTERED','2016-01-28 17:48:44'),(1,138,1342,'REGISTERED','2016-01-28 17:50:03'),(1,138,1342,'UNREGISTERED','2016-01-28 17:50:05'),(1,137,1062,'REGISTERED','2016-01-28 17:50:18'),(1,138,1062,'REGISTERED','2016-01-28 17:50:24'),(1,55,1342,'REGISTERED','2016-01-28 17:50:42'),(1,55,1342,'UNREGISTERED','2016-01-28 17:50:44'),(1,55,1342,'REGISTERED','2016-01-28 17:50:46'),(1,139,1062,'REGISTERED','2016-01-28 17:50:51'),(1,141,1062,'REGISTERED','2016-01-28 17:51:02'),(1,55,1342,'UNREGISTERED','2016-01-28 17:51:03'),(1,143,1062,'STANDBY','2016-01-28 17:51:14'),(1,145,1062,'REGISTERED','2016-01-28 17:51:35'),(1,141,1000,'STANDBY','2016-01-28 18:34:16'),(1,141,1000,'CANCEL_STANDBY','2016-01-28 18:34:18'),(1,144,1000,'REGISTERED','2016-01-28 18:34:32'),(1,144,1000,'UNREGISTERED','2016-01-28 18:34:33'),(2,119,1238,'REGISTERED','2016-01-28 18:37:25'),(1,139,1000,'REGISTERED','2016-01-28 18:38:05'),(2,122,1238,'REGISTERED','2016-01-28 18:38:20'),(1,139,1000,'UNREGISTERED','2016-01-28 18:38:40'),(1,139,1000,'UNREGISTERED','2016-01-28 18:38:40'),(2,129,1238,'REGISTERED','2016-01-28 18:39:04'),(2,117,1204,'REGISTERED','2016-01-28 18:40:52'),(2,121,1204,'REGISTERED','2016-01-28 18:41:14'),(1,137,1000,'REGISTERED','2016-01-28 18:52:36'),(1,137,1000,'UNREGISTERED','2016-01-28 18:52:38'),(1,55,1000,'REGISTERED','2016-01-28 18:52:45'),(1,55,1000,'UNREGISTERED','2016-01-28 18:52:47'),(1,141,1000,'STANDBY','2016-01-28 18:53:06'),(1,139,1000,'REGISTERED','2016-01-28 18:53:41'),(1,139,1000,'UNREGISTERED','2016-01-28 18:53:52'),(1,139,1000,'REGISTERED','2016-01-28 18:54:02'),(1,139,1000,'UNREGISTERED','2016-01-28 18:54:11'),(1,139,1000,'REGISTERED','2016-01-28 18:54:41'),(1,139,1000,'UNREGISTERED','2016-01-28 18:54:52'),(2,116,1000,'REGISTERED','2016-01-28 18:56:06'),(2,116,1000,'UNREGISTERED','2016-01-28 18:57:13'),(2,117,1000,'REGISTERED','2016-01-28 18:57:25'),(1,139,1000,'REGISTERED','2016-01-28 18:58:09'),(1,139,1000,'UNREGISTERED','2016-01-28 18:58:32'),(1,140,1000,'REGISTERED','2016-01-28 18:58:39'),(2,119,1142,'REGISTERED','2016-01-28 18:59:29'),(2,118,1264,'REGISTERED','2016-01-28 19:06:52'),(2,126,1264,'REGISTERED','2016-01-28 19:07:24'),(2,116,1000,'REGISTERED','2016-01-28 19:31:13'),(1,139,1000,'REGISTERED','2016-01-28 19:37:00'),(1,55,1057,'REGISTERED','2016-01-28 19:37:15'),(1,142,1000,'REGISTERED','2016-01-28 19:38:51'),(2,116,1232,'REGISTERED','2016-01-28 19:40:11'),(2,127,1232,'REGISTERED','2016-01-28 19:40:51'),(1,56,1074,'UNREGISTERED','2016-01-28 19:41:31'),(2,172,1235,'REGISTERED','2016-01-28 19:41:45'),(1,141,1074,'STANDBY','2016-01-28 19:41:50'),(2,200,1235,'REGISTERED','2016-01-28 19:42:00'),(1,139,1000,'UNREGISTERED','2016-01-28 19:42:14'),(1,139,1000,'REGISTERED','2016-01-28 19:46:15'),(1,138,1076,'UNREGISTERED','2016-01-28 19:48:46'),(1,139,1000,'UNREGISTERED','2016-01-28 19:52:01'),(1,139,1000,'REGISTERED','2016-01-28 19:52:11'),(1,144,1074,'REGISTERED','2016-01-28 19:52:13'),(1,139,1000,'UNREGISTERED','2016-01-28 19:52:25'),(1,139,1000,'REGISTERED','2016-01-28 19:52:26'),(1,139,1000,'UNREGISTERED','2016-01-28 19:52:28'),(1,139,1000,'REGISTERED','2016-01-28 19:52:43'),(1,139,1000,'UNREGISTERED','2016-01-28 19:52:45'),(1,139,1000,'REGISTERED','2016-01-28 19:54:59'),(2,116,1364,'REGISTERED','2016-01-28 19:57:02'),(2,116,1000,'UNREGISTERED','2016-01-28 20:01:38'),(2,116,1000,'REGISTERED','2016-01-28 20:01:41'),(1,139,1000,'UNREGISTERED','2016-01-28 20:05:14'),(1,139,1000,'REGISTERED','2016-01-28 20:05:15'),(2,116,1000,'UNREGISTERED','2016-01-28 20:09:58'),(2,116,1000,'REGISTERED','2016-01-28 20:10:00'),(2,116,1000,'UNREGISTERED','2016-01-28 20:10:01'),(2,116,1000,'REGISTERED','2016-01-28 20:10:09'),(2,116,1000,'UNREGISTERED','2016-01-28 20:10:11'),(2,116,1000,'REGISTERED','2016-01-28 20:10:17'),(2,116,1000,'UNREGISTERED','2016-01-28 20:10:42'),(1,139,1000,'UNREGISTERED','2016-01-28 20:17:04'),(1,139,1000,'REGISTERED','2016-01-28 20:17:06'),(1,139,1000,'UNREGISTERED','2016-01-28 20:17:11'),(1,139,1000,'REGISTERED','2016-01-28 20:17:16'),(2,117,1205,'REGISTERED','2016-01-28 20:26:01'),(1,139,1000,'UNREGISTERED','2016-01-28 20:28:04'),(2,117,1307,'REGISTERED','2016-01-28 20:31:57'),(1,137,1000,'REGISTERED','2016-01-28 20:34:35'),(1,137,1000,'UNREGISTERED','2016-01-28 20:34:39'),(1,137,1000,'REGISTERED','2016-01-28 20:34:57'),(2,161,1239,'REGISTERED','2016-01-28 20:35:32'),(1,139,1000,'REGISTERED','2016-01-28 20:41:50'),(1,55,1123,'UNREGISTERED','2016-01-28 20:43:39'),(1,139,1000,'UNREGISTERED','2016-01-28 20:43:49'),(1,139,1000,'REGISTERED','2016-01-28 20:43:54'),(1,139,1000,'UNREGISTERED','2016-01-28 20:44:00'),(1,139,1000,'REGISTERED','2016-01-28 20:44:01'),(1,139,1000,'UNREGISTERED','2016-01-28 20:44:02'),(1,139,1000,'REGISTERED','2016-01-28 20:44:04'),(1,139,1000,'UNREGISTERED','2016-01-28 20:44:05'),(1,139,1000,'REGISTERED','2016-01-28 20:44:06'),(1,139,1000,'UNREGISTERED','2016-01-28 20:45:23'),(2,116,1000,'REGISTERED','2016-01-28 20:45:33'),(2,116,1000,'UNREGISTERED','2016-01-28 20:45:41'),(2,117,1000,'UNREGISTERED','2016-01-28 20:45:52'),(2,117,1000,'REGISTERED','2016-01-28 20:46:08'),(1,142,1087,'REGISTERED','2016-01-28 20:47:08'),(1,142,1087,'UNREGISTERED','2016-01-28 20:47:21'),(1,139,1000,'REGISTERED','2016-01-28 20:47:48'),(2,116,1000,'REGISTERED','2016-01-28 20:47:56'),(2,118,1000,'REGISTERED','2016-01-28 20:48:02'),(2,117,1000,'UNREGISTERED','2016-01-28 20:48:08'),(1,139,1000,'UNREGISTERED','2016-01-28 20:48:16'),(1,55,1000,'REGISTERED','2016-01-28 20:50:33'),(1,56,1000,'REGISTERED','2016-01-28 20:50:44'),(1,56,1000,'UNREGISTERED','2016-01-28 20:50:45'),(1,55,1000,'UNREGISTERED','2016-01-28 20:50:50'),(1,141,1000,'CANCEL_STANDBY','2016-01-28 20:51:09'),(1,141,1000,'STANDBY','2016-01-28 20:51:11'),(1,56,1000,'REGISTERED','2016-01-28 20:51:43'),(1,56,1000,'UNREGISTERED','2016-01-28 20:51:44'),(1,137,1000,'UNREGISTERED','2016-01-28 20:51:58'),(1,140,1000,'UNREGISTERED','2016-01-28 20:52:14'),(1,142,1000,'UNREGISTERED','2016-01-28 20:52:20'),(2,116,1000,'UNREGISTERED','2016-01-28 20:52:46'),(2,116,1000,'REGISTERED','2016-01-28 20:53:13'),(2,116,1000,'UNREGISTERED','2016-01-28 20:53:20'),(2,116,1000,'REGISTERED','2016-01-28 20:53:29'),(2,116,1000,'UNREGISTERED','2016-01-28 20:53:41'),(2,118,1000,'UNREGISTERED','2016-01-28 20:53:54'),(2,117,1262,'REGISTERED','2016-01-28 20:55:16'),(2,125,1262,'REGISTERED','2016-01-28 20:56:00'),(2,117,1297,'STANDBY','2016-01-28 21:10:47'),(2,118,1000,'REGISTERED','2016-01-28 21:38:30'),(2,118,1000,'UNREGISTERED','2016-01-28 21:38:38'),(2,199,1000,'REGISTERED','2016-01-28 22:00:29'),(2,199,1000,'UNREGISTERED','2016-01-28 22:00:41'),(1,143,1000,'STANDBY','2016-01-28 22:01:06'),(1,142,1000,'REGISTERED','2016-01-28 22:01:25'),(1,143,1000,'CANCEL_STANDBY','2016-01-28 22:01:34'),(1,143,1000,'STANDBY','2016-01-28 22:01:40'),(1,142,1000,'UNREGISTERED','2016-01-28 22:01:52'),(2,118,1248,'REGISTERED','2016-01-28 22:02:34'),(2,118,1226,'REGISTERED','2016-01-28 22:32:03'),(2,148,1226,'REGISTERED','2016-01-28 22:32:43'),(2,156,1226,'REGISTERED','2016-01-28 22:32:57'),(2,162,1226,'REGISTERED','2016-01-28 22:33:10'),(2,170,1226,'REGISTERED','2016-01-28 22:33:23'),(2,190,1226,'REGISTERED','2016-01-28 22:33:37'),(2,197,1226,'REGISTERED','2016-01-28 22:34:05'),(2,175,1226,'REGISTERED','2016-01-28 22:34:34'),(2,175,1226,'UNREGISTERED','2016-01-28 22:34:36'),(2,176,1226,'REGISTERED','2016-01-28 22:34:50'),(2,197,1226,'UNREGISTERED','2016-01-28 22:35:27'),(2,198,1226,'REGISTERED','2016-01-28 22:35:47'),(1,138,1127,'REGISTERED','2016-01-29 03:18:30'),(1,143,1127,'STANDBY','2016-01-29 03:18:58'),(1,145,1127,'REGISTERED','2016-01-29 03:19:10'),(2,146,1364,'REGISTERED','2016-01-29 05:27:41'),(2,162,1364,'REGISTERED','2016-01-29 05:28:51'),(2,162,1364,'UNREGISTERED','2016-01-29 05:29:08'),(2,116,1292,'REGISTERED','2016-01-29 05:35:46'),(2,127,1292,'REGISTERED','2016-01-29 05:36:11'),(1,138,1131,'STANDBY','2016-01-29 05:50:08'),(1,143,1131,'STANDBY','2016-01-29 05:50:27'),(2,125,1301,'REGISTERED','2016-01-29 05:58:26'),(2,121,1301,'REGISTERED','2016-01-29 05:58:46'),(2,128,1301,'REGISTERED','2016-01-29 05:59:13'),(2,148,1345,'REGISTERED','2016-01-29 06:05:49'),(2,118,1345,'REGISTERED','2016-01-29 06:06:47'),(1,56,1000,'REGISTERED','2016-01-29 06:11:05'),(1,56,1000,'UNREGISTERED','2016-01-29 06:11:07'),(1,56,1000,'REGISTERED','2016-01-29 06:11:11'),(1,56,1000,'UNREGISTERED','2016-01-29 06:11:19'),(2,126,1000,'REGISTERED','2016-01-29 06:12:47'),(2,126,1000,'UNREGISTERED','2016-01-29 06:13:03'),(2,116,1309,'REGISTERED','2016-01-29 06:13:12'),(2,127,1309,'REGISTERED','2016-01-29 06:13:29'),(2,146,1309,'REGISTERED','2016-01-29 06:13:42'),(2,157,1309,'REGISTERED','2016-01-29 06:13:50'),(2,160,1309,'REGISTERED','2016-01-29 06:14:03'),(2,171,1309,'REGISTERED','2016-01-29 06:14:14'),(2,188,1309,'REGISTERED','2016-01-29 06:14:31'),(2,199,1309,'REGISTERED','2016-01-29 06:14:43'),(2,174,1309,'REGISTERED','2016-01-29 06:14:51'),(2,116,1224,'REGISTERED','2016-01-29 06:28:35'),(2,127,1224,'REGISTERED','2016-01-29 06:29:19'),(2,146,1224,'REGISTERED','2016-01-29 06:29:44'),(1,144,1036,'REGISTERED','2016-01-29 06:40:06'),(1,145,1036,'UNREGISTERED','2016-01-29 06:40:16'),(2,119,1242,'UNREGISTERED','2016-01-29 08:37:10'),(2,117,1258,'STANDBY','2016-01-29 10:01:22'),(2,121,1297,'REGISTERED','2016-01-29 10:06:40'),(2,147,1297,'REGISTERED','2016-01-29 10:06:53'),(2,151,1297,'REGISTERED','2016-01-29 10:07:06'),(2,161,1297,'REGISTERED','2016-01-29 10:07:19'),(2,165,1297,'REGISTERED','2016-01-29 10:07:32'),(2,189,1297,'REGISTERED','2016-01-29 10:07:48'),(2,193,1297,'REGISTERED','2016-01-29 10:08:09'),(2,175,1297,'REGISTERED','2016-01-29 10:08:22'),(2,116,1271,'REGISTERED','2016-01-29 10:14:35'),(2,118,1271,'REGISTERED','2016-01-29 10:14:46'),(2,118,1282,'REGISTERED','2016-01-29 10:14:46'),(1,140,1076,'REGISTERED','2016-01-29 10:23:02'),(2,128,1300,'REGISTERED','2016-01-29 10:27:43'),(2,118,1000,'REGISTERED','2016-01-29 10:43:25'),(2,118,1000,'UNREGISTERED','2016-01-29 10:43:26'),(1,142,1000,'REGISTERED','2016-01-29 12:12:11'),(1,142,1000,'UNREGISTERED','2016-01-29 12:12:15'),(1,142,1000,'REGISTERED','2016-01-29 12:12:18'),(1,142,1000,'UNREGISTERED','2016-01-29 12:15:00'),(2,147,1258,'REGISTERED','2016-01-29 13:07:29'),(2,161,1258,'REGISTERED','2016-01-29 13:07:39'),(2,116,1273,'REGISTERED','2016-01-29 14:12:37'),(2,116,1221,'REGISTERED','2016-01-29 14:25:16'),(2,127,1221,'REGISTERED','2016-01-29 14:25:36'),(2,146,1221,'REGISTERED','2016-01-29 14:25:53'),(2,126,1246,'REGISTERED','2016-01-29 15:30:05'),(2,122,1298,'REGISTERED','2016-01-29 17:52:50'),(1,139,1000,'REGISTERED','2016-01-29 19:26:07'),(1,139,1000,'UNREGISTERED','2016-01-29 19:27:59'),(1,140,1078,'REGISTERED','2016-01-29 19:58:31'),(1,140,1078,'UNREGISTERED','2016-01-29 19:58:50'),(2,117,1331,'STANDBY','2016-01-29 20:48:18'),(2,121,1331,'REGISTERED','2016-01-29 20:49:08'),(2,127,1331,'REGISTERED','2016-01-29 20:49:18'),(1,138,1021,'STANDBY','2016-01-30 06:00:35'),(1,141,1021,'STANDBY','2016-01-30 06:00:54'),(2,157,1221,'REGISTERED','2016-01-30 09:02:35'),(1,144,1083,'REGISTERED','2016-01-30 11:02:22'),(2,147,1332,'REGISTERED','2016-01-30 11:32:26'),(2,151,1332,'REGISTERED','2016-01-30 11:32:41'),(2,157,1332,'REGISTERED','2016-01-30 11:32:53'),(1,139,1014,'REGISTERED','2016-01-30 14:13:15'),(1,141,1014,'STANDBY','2016-01-30 14:13:56'),(1,144,1014,'REGISTERED','2016-01-30 14:14:57'),(2,125,1285,'REGISTERED','2016-01-30 15:16:00'),(1,138,1120,'UNREGISTERED','2016-01-30 15:26:10'),(1,141,1120,'STANDBY','2016-01-30 15:26:24'),(1,143,1120,'STANDBY','2016-01-30 15:26:51'),(1,140,1131,'REGISTERED','2016-01-30 15:45:13'),(2,125,1263,'REGISTERED','2016-01-30 15:47:32'),(2,118,1241,'REGISTERED','2016-01-30 16:24:57'),(2,122,1241,'REGISTERED','2016-01-30 16:25:24'),(2,155,1300,'REGISTERED','2016-01-30 16:47:21'),(2,158,1300,'REGISTERED','2016-01-30 16:47:41'),(2,155,1300,'UNREGISTERED','2016-01-30 16:48:06'),(2,151,1300,'REGISTERED','2016-01-30 16:48:14'),(2,117,1205,'UNREGISTERED','2016-01-30 16:52:00'),(2,118,1205,'REGISTERED','2016-01-30 16:52:10'),(2,117,1307,'UNREGISTERED','2016-01-30 16:52:20'),(2,122,1205,'REGISTERED','2016-01-30 16:52:22'),(2,118,1307,'REGISTERED','2016-01-30 16:52:26'),(2,148,1233,'REGISTERED','2016-01-30 17:04:07'),(2,159,1233,'REGISTERED','2016-01-30 17:06:26'),(2,162,1233,'REGISTERED','2016-01-30 17:06:47'),(2,170,1233,'REGISTERED','2016-01-30 17:06:59'),(2,173,1233,'REGISTERED','2016-01-30 17:07:08'),(2,118,1304,'REGISTERED','2016-01-30 17:19:08'),(2,125,1304,'REGISTERED','2016-01-30 17:19:43'),(2,148,1304,'REGISTERED','2016-01-30 17:20:58'),(2,155,1304,'REGISTERED','2016-01-30 17:21:26'),(1,138,1031,'UNREGISTERED','2016-01-30 18:00:45'),(1,139,1031,'UNREGISTERED','2016-01-30 18:07:05'),(1,138,1021,'CANCEL_STANDBY','2016-01-30 18:07:58'),(1,138,1021,'REGISTERED','2016-01-30 18:08:03'),(2,125,1250,'REGISTERED','2016-01-30 18:21:36'),(2,116,1273,'UNREGISTERED','2016-01-30 18:25:45'),(2,126,1343,'REGISTERED','2016-01-30 18:37:30'),(1,139,1117,'UNREGISTERED','2016-01-30 18:57:31'),(2,128,1255,'REGISTERED','2016-01-30 19:16:37'),(2,117,1210,'REGISTERED','2016-01-30 19:25:48'),(2,122,1210,'REGISTERED','2016-01-30 19:27:24'),(2,127,1210,'REGISTERED','2016-01-30 19:27:59'),(2,127,1210,'UNREGISTERED','2016-01-30 19:27:59'),(2,127,1210,'REGISTERED','2016-01-30 19:27:59'),(2,147,1210,'REGISTERED','2016-01-30 19:29:18'),(2,161,1210,'REGISTERED','2016-01-30 19:31:13'),(2,189,1210,'REGISTERED','2016-01-30 19:31:25'),(2,175,1210,'REGISTERED','2016-01-30 19:31:35'),(2,125,1201,'REGISTERED','2016-01-30 19:52:52'),(2,184,1255,'REGISTERED','2016-01-30 20:22:15'),(2,186,1255,'REGISTERED','2016-01-30 20:22:23'),(1,138,1131,'CANCEL_STANDBY','2016-01-30 21:02:29'),(1,138,1131,'REGISTERED','2016-01-30 21:02:31'),(1,140,1131,'UNREGISTERED','2016-01-30 21:03:12'),(2,125,1397,'REGISTERED','2016-01-30 21:07:01'),(2,119,1278,'REGISTERED','2016-01-30 21:11:48'),(2,119,1201,'REGISTERED','2016-01-30 21:32:25'),(2,125,1288,'REGISTERED','2016-01-30 21:36:41'),(2,122,1256,'REGISTERED','2016-01-30 21:38:21'),(2,128,1256,'REGISTERED','2016-01-30 21:38:56'),(2,118,1304,'UNREGISTERED','2016-01-30 22:28:14'),(2,117,1304,'REGISTERED','2016-01-30 22:28:26'),(1,144,1057,'STANDBY','2016-01-31 05:39:09'),(1,137,1044,'UNREGISTERED','2016-01-31 05:46:08'),(1,138,1076,'STANDBY','2016-01-31 05:59:27'),(1,138,1076,'CANCEL_STANDBY','2016-01-31 05:59:29'),(1,138,1076,'STANDBY','2016-01-31 06:00:06'),(1,138,1076,'CANCEL_STANDBY','2016-01-31 06:00:28'),(2,117,1000,'STANDBY','2016-01-31 06:15:07'),(2,116,1235,'UNREGISTERED','2016-01-31 06:41:59'),(2,148,1216,'REGISTERED','2016-01-31 08:19:43'),(2,119,1077,'REGISTERED','2016-01-31 10:04:14'),(2,127,1228,'UNREGISTERED','2016-01-31 10:58:58'),(2,118,1333,'REGISTERED','2016-01-31 11:09:32'),(2,121,1263,'REGISTERED','2016-01-31 11:32:14'),(2,119,1334,'REGISTERED','2016-01-31 12:05:56'),(2,119,1334,'UNREGISTERED','2016-01-31 12:05:58'),(1,142,1076,'REGISTERED','2016-01-31 12:17:19'),(1,138,1068,'UNREGISTERED','2016-01-31 12:25:48'),(2,183,1262,'REGISTERED','2016-01-31 12:52:30'),(2,183,1262,'UNREGISTERED','2016-01-31 12:52:30'),(2,183,1262,'REGISTERED','2016-01-31 12:52:32'),(2,183,1262,'UNREGISTERED','2016-01-31 12:52:59'),(2,118,1202,'REGISTERED','2016-01-31 12:57:43'),(2,151,1258,'REGISTERED','2016-01-31 13:28:03'),(2,157,1258,'REGISTERED','2016-01-31 13:28:45'),(2,118,1000,'STANDBY','2016-01-31 13:42:14'),(1,138,1131,'UNREGISTERED','2016-01-31 13:42:53'),(1,139,1131,'REGISTERED','2016-01-31 13:44:13'),(2,156,1332,'REGISTERED','2016-01-31 13:49:18'),(2,126,1255,'REGISTERED','2016-01-31 14:03:44'),(2,147,1262,'REGISTERED','2016-01-31 14:38:49'),(2,147,1201,'REGISTERED','2016-01-31 14:39:06'),(2,126,1284,'REGISTERED','2016-01-31 14:51:27'),(2,147,1331,'REGISTERED','2016-01-31 14:51:40'),(2,155,1331,'REGISTERED','2016-01-31 14:52:03'),(2,155,1331,'UNREGISTERED','2016-01-31 14:52:13'),(2,151,1331,'REGISTERED','2016-01-31 14:52:23'),(2,157,1331,'REGISTERED','2016-01-31 14:52:33'),(2,147,1331,'UNREGISTERED','2016-01-31 14:54:05'),(2,161,1331,'REGISTERED','2016-01-31 14:54:24'),(2,165,1331,'REGISTERED','2016-01-31 14:54:35'),(2,171,1331,'REGISTERED','2016-01-31 14:54:42'),(2,171,1331,'UNREGISTERED','2016-01-31 14:55:30'),(1,138,1129,'REGISTERED','2016-01-31 15:08:05'),(1,140,1129,'REGISTERED','2016-01-31 15:09:06'),(1,140,1129,'UNREGISTERED','2016-01-31 15:09:33'),(1,140,1129,'REGISTERED','2016-01-31 15:09:55'),(1,139,1129,'UNREGISTERED','2016-01-31 15:10:33'),(2,120,1201,'REGISTERED','2016-01-31 15:19:14'),(2,117,1308,'STANDBY','2016-01-31 15:20:17'),(2,125,1225,'REGISTERED','2016-01-31 15:20:55'),(2,125,1201,'UNREGISTERED','2016-01-31 15:21:27'),(2,147,1308,'REGISTERED','2016-01-31 15:25:14'),(2,161,1308,'REGISTERED','2016-01-31 15:25:33'),(2,189,1308,'REGISTERED','2016-01-31 15:25:49'),(2,175,1308,'REGISTERED','2016-01-31 15:26:28'),(1,138,1123,'UNREGISTERED','2016-01-31 16:00:39'),(1,138,1016,'UNREGISTERED','2016-01-31 16:17:58'),(1,138,1016,'REGISTERED','2016-01-31 16:18:16'),(1,138,1016,'UNREGISTERED','2016-01-31 16:18:23'),(1,138,1193,'UNREGISTERED','2016-01-31 16:21:55'),(2,120,1223,'REGISTERED','2016-01-31 17:28:03'),(2,147,1263,'REGISTERED','2016-01-31 17:32:52'),(2,161,1263,'REGISTERED','2016-01-31 17:35:16'),(2,125,1201,'REGISTERED','2016-01-31 18:32:36'),(2,119,1299,'REGISTERED','2016-01-31 18:39:22'),(2,119,1299,'UNREGISTERED','2016-01-31 18:39:26'),(2,119,1299,'REGISTERED','2016-01-31 18:39:28'),(2,146,1292,'REGISTERED','2016-01-31 18:53:15'),(2,120,1223,'UNREGISTERED','2016-01-31 19:56:53'),(2,120,1335,'REGISTERED','2016-01-31 20:54:57'),(2,119,1205,'REGISTERED','2016-01-31 20:55:06'),(2,125,1332,'REGISTERED','2016-01-31 22:51:50'),(1,145,1058,'REGISTERED','2016-02-01 05:19:36'),(1,142,1058,'REGISTERED','2016-02-01 05:19:54'),(1,145,1130,'REGISTERED','2016-02-01 05:22:54'),(1,140,1047,'UNREGISTERED','2016-02-01 05:39:37'),(2,119,1334,'REGISTERED','2016-02-01 05:43:52'),(2,121,1422,'REGISTERED','2016-02-01 07:32:54'),(1,145,1084,'UNREGISTERED','2016-02-01 08:22:03'),(2,120,1290,'REGISTERED','2016-02-01 08:32:03'),(1,140,1313,'UNREGISTERED','2016-02-01 08:33:15'),(2,127,1204,'REGISTERED','2016-02-01 08:39:32'),(2,147,1204,'STANDBY','2016-02-01 08:40:02'),(2,151,1204,'REGISTERED','2016-02-01 08:40:21'),(1,145,1313,'REGISTERED','2016-02-01 08:44:07'),(2,120,1419,'REGISTERED','2016-02-01 08:45:17'),(2,121,1000,'REGISTERED','2016-02-01 09:01:01'),(2,121,1000,'UNREGISTERED','2016-02-01 09:01:03'),(1,140,1026,'UNREGISTERED','2016-02-01 09:47:26'),(1,139,1313,'REGISTERED','2016-02-01 11:19:17'),(1,145,1313,'UNREGISTERED','2016-02-01 11:19:36'),(1,139,1036,'UNREGISTERED','2016-02-01 12:02:01'),(2,146,1235,'UNREGISTERED','2016-02-01 12:02:23'),(2,160,1235,'UNREGISTERED','2016-02-01 12:07:08'),(2,188,1235,'UNREGISTERED','2016-02-01 12:07:18'),(2,174,1235,'UNREGISTERED','2016-02-01 12:07:28'),(2,129,1238,'UNREGISTERED','2016-02-01 13:54:40'),(2,128,1238,'REGISTERED','2016-02-01 13:54:49'),(2,146,1364,'UNREGISTERED','2016-02-01 14:17:58'),(2,124,1364,'REGISTERED','2016-02-01 14:18:37'),(1,142,1324,'REGISTERED','2016-02-01 14:37:02'),(1,145,1324,'REGISTERED','2016-02-01 14:37:37'),(1,139,1016,'REGISTERED','2016-02-01 14:46:01'),(2,122,1251,'REGISTERED','2016-02-01 15:35:57'),(1,140,1313,'REGISTERED','2016-02-01 15:45:45'),(1,139,1313,'UNREGISTERED','2016-02-01 15:46:21'),(1,139,1313,'REGISTERED','2016-02-01 16:16:10'),(1,139,1117,'REGISTERED','2016-02-01 16:20:12'),(1,140,1117,'UNREGISTERED','2016-02-01 16:20:28'),(1,139,1082,'UNREGISTERED','2016-02-01 16:26:20'),(1,140,1313,'UNREGISTERED','2016-02-01 16:48:10'),(1,140,1313,'REGISTERED','2016-02-01 16:48:55'),(1,140,1313,'UNREGISTERED','2016-02-01 16:49:34'),(2,121,1230,'UNREGISTERED','2016-02-01 17:08:28'),(1,140,1113,'UNREGISTERED','2016-02-01 17:21:35'),(2,121,1301,'UNREGISTERED','2016-02-01 18:03:41'),(2,147,1301,'STANDBY','2016-02-01 18:05:59'),(2,149,1301,'REGISTERED','2016-02-01 18:06:59'),(2,155,1301,'REGISTERED','2016-02-01 18:08:12'),(2,158,1301,'REGISTERED','2016-02-01 18:09:21'),(2,172,1300,'REGISTERED','2016-02-01 18:09:21'),(2,169,1300,'REGISTERED','2016-02-01 18:09:35'),(2,161,1301,'REGISTERED','2016-02-01 18:11:00'),(2,169,1301,'REGISTERED','2016-02-01 18:13:37'),(2,121,1204,'UNREGISTERED','2016-02-01 18:14:11'),(2,172,1301,'REGISTERED','2016-02-01 18:14:14'),(2,191,1301,'REGISTERED','2016-02-01 18:15:31'),(2,200,1301,'REGISTERED','2016-02-01 18:16:23'),(2,206,1301,'REGISTERED','2016-02-01 18:17:55'),(2,169,1301,'UNREGISTERED','2016-02-01 18:19:17'),(2,165,1301,'REGISTERED','2016-02-01 18:20:04'),(1,143,1319,'UNREGISTERED','2016-02-01 19:30:01'),(1,143,1062,'CANCEL_STANDBY','2016-02-01 19:31:11'),(1,143,1062,'REGISTERED','2016-02-01 19:31:13'),(2,176,1000,'REGISTERED','2016-02-01 19:59:29'),(2,176,1000,'UNREGISTERED','2016-02-01 20:00:20'),(2,120,1237,'UNREGISTERED','2016-02-01 20:03:49'),(1,141,1031,'UNREGISTERED','2016-02-01 20:55:07'),(2,126,1390,'REGISTERED','2016-02-01 21:11:19'),(2,126,1433,'REGISTERED','2016-02-01 21:15:53'),(1,141,1120,'CANCEL_STANDBY','2016-02-01 21:16:30'),(1,141,1120,'REGISTERED','2016-02-01 21:16:32'),(2,126,1426,'REGISTERED','2016-02-01 21:16:44'),(2,126,1434,'REGISTERED','2016-02-01 21:17:36'),(2,127,1201,'REGISTERED','2016-02-01 22:42:01'),(1,141,1120,'UNREGISTERED','2016-02-02 05:14:33'),(1,141,1021,'CANCEL_STANDBY','2016-02-02 05:20:22'),(1,141,1021,'REGISTERED','2016-02-02 05:20:36'),(1,141,1074,'CANCEL_STANDBY','2016-02-02 05:20:53'),(1,141,1074,'STANDBY','2016-02-02 05:21:20'),(2,122,1256,'UNREGISTERED','2016-02-02 05:57:33'),(2,121,1256,'REGISTERED','2016-02-02 05:58:05'),(2,125,1000,'STANDBY','2016-02-02 06:20:17'),(1,142,1324,'UNREGISTERED','2016-02-02 07:24:05'),(1,145,1324,'UNREGISTERED','2016-02-02 07:24:18'),(2,127,1201,'UNREGISTERED','2016-02-02 07:40:02'),(1,141,1013,'UNREGISTERED','2016-02-02 08:12:46'),(1,141,1074,'CANCEL_STANDBY','2016-02-02 08:14:53'),(1,141,1074,'REGISTERED','2016-02-02 08:14:57'),(1,144,1131,'STANDBY','2016-02-02 09:09:38'),(2,126,1343,'UNREGISTERED','2016-02-02 09:38:24'),(2,129,1343,'REGISTERED','2016-02-02 09:48:34'),(1,143,1134,'STANDBY','2016-02-02 10:37:59'),(1,141,1068,'UNREGISTERED','2016-02-02 11:26:11'),(1,141,1117,'UNREGISTERED','2016-02-02 11:46:38'),(1,143,1117,'UNREGISTERED','2016-02-02 11:47:31'),(2,127,1224,'UNREGISTERED','2016-02-02 11:49:03'),(1,143,1131,'CANCEL_STANDBY','2016-02-02 12:26:48'),(1,143,1131,'REGISTERED','2016-02-02 12:26:54'),(2,121,1425,'REGISTERED','2016-02-02 12:38:00'),(1,143,1062,'UNREGISTERED','2016-02-02 14:10:30'),(2,124,1212,'REGISTERED','2016-02-02 14:45:16'),(1,141,1016,'UNREGISTERED','2016-02-02 15:24:22'),(1,141,1016,'REGISTERED','2016-02-02 15:24:59'),(1,141,1016,'UNREGISTERED','2016-02-02 15:26:06'),(1,141,1016,'REGISTERED','2016-02-02 15:27:38'),(1,141,1016,'UNREGISTERED','2016-02-02 15:28:50'),(1,141,1123,'UNREGISTERED','2016-02-02 15:35:35'),(2,120,1235,'REGISTERED','2016-02-02 16:07:58'),(1,143,1134,'CANCEL_STANDBY','2016-02-02 16:10:53'),(1,143,1134,'REGISTERED','2016-02-02 16:10:56'),(1,141,1074,'UNREGISTERED','2016-02-02 16:13:33'),(2,121,1425,'UNREGISTERED','2016-02-02 16:18:15'),(2,121,1422,'UNREGISTERED','2016-02-02 16:24:15'),(1,142,1324,'REGISTERED','2016-02-02 16:34:26'),(1,143,1129,'UNREGISTERED','2016-02-02 17:25:55'),(2,148,1205,'REGISTERED','2016-02-02 17:50:02'),(2,161,1205,'REGISTERED','2016-02-02 17:50:11'),(2,150,1201,'REGISTERED','2016-02-02 17:57:27'),(2,124,1290,'REGISTERED','2016-02-02 18:27:36'),(2,124,1290,'UNREGISTERED','2016-02-02 18:28:27'),(2,122,1251,'UNREGISTERED','2016-02-02 18:43:35'),(1,145,1142,'REGISTERED','2016-02-02 19:14:45'),(1,145,1080,'UNREGISTERED','2016-02-02 19:15:36'),(1,145,1142,'UNREGISTERED','2016-02-02 19:36:59'),(2,122,1333,'REGISTERED','2016-02-02 19:38:19'),(2,124,1291,'REGISTERED','2016-02-02 19:43:25'),(2,124,1227,'REGISTERED','2016-02-02 19:44:41'),(2,124,1303,'REGISTERED','2016-02-02 19:51:32'),(2,160,1221,'REGISTERED','2016-02-02 19:53:30'),(2,171,1221,'REGISTERED','2016-02-02 19:53:47'),(2,188,1221,'REGISTERED','2016-02-02 19:54:02'),(2,199,1221,'REGISTERED','2016-02-02 19:54:09'),(2,174,1221,'REGISTERED','2016-02-02 19:54:20'),(2,156,1281,'REGISTERED','2016-02-02 20:17:41');
/*!40000 ALTER TABLE `registration` ENABLE KEYS */;
UNLOCK TABLES;
/*!40103 SET TIME_ZONE=@OLD_TIME_ZONE */;

/*!40101 SET SQL_MODE=@OLD_SQL_MODE */;
/*!40014 SET FOREIGN_KEY_CHECKS=@OLD_FOREIGN_KEY_CHECKS */;
/*!40014 SET UNIQUE_CHECKS=@OLD_UNIQUE_CHECKS */;
/*!40101 SET CHARACTER_SET_CLIENT=@OLD_CHARACTER_SET_CLIENT */;
/*!40101 SET CHARACTER_SET_RESULTS=@OLD_CHARACTER_SET_RESULTS */;
/*!40101 SET COLLATION_CONNECTION=@OLD_COLLATION_CONNECTION */;
/*!40111 SET SQL_NOTES=@OLD_SQL_NOTES */;

-- Dump completed on 2016-02-02 22:32:03
